candidate_id,cohort,detector_id,energy_loss,event,hit_index,momentum_gev,pdg_id,sbt_qualifying,time_ns,track_id,x_cm,y_cm,z_cm
utility-pilot-UA_d0p1_a04-pdg-13-03,genuine_nf_pilot,225822,0.00027403797139413655,0,0,0.00176698753604006,22,False,168.1222686767578,-2,-203.77523803710938,132.28224182128906,8073.82470703125
utility-pilot-UA_d0p1_a04-pdg-13-03,genuine_nf_pilot,225822,0.00134196353610605,0,1,0.0017811092064199435,11,False,168.7167205810547,-2,-197.70558166503906,134.0343475341797,8080.19873046875
utility-pilot-UA_d0p1_a04-pdg-13-03,genuine_nf_pilot,225822,2.7305000571686833e-07,0,2,1.670721596390699e-05,11,False,168.5765838623047,-2,-200.99649047851562,133.7942352294922,8077.42041015625
utility-pilot-UA_d0p1_a04-pdg-13-03,genuine_nf_pilot,225822,0.00015071294910740107,0,3,0.00042040777713229377,11,False,168.5765838623047,-2,-200.99649047851562,133.7942352294922,8077.42041015625
afterms-sample-a45fc522-row-25740,empirical_sbt_positive_control,210122,0.12779264152050018,0,0,246.26936530732533,-13,True,5.467405796051025,0,-70.56261444091797,12.586037635803223,3352.75
afterms-sample-a45fc522-row-25740,empirical_sbt_positive_control,220122,0.13066765666007996,0,1,246.08580579500355,-13,True,8.137035369873047,0,-72.85855102539062,13.076410293579102,3433.75
afterms-sample-a45fc522-row-25740,empirical_sbt_positive_control,220222,0.12778738141059875,0,2,245.92076912996768,-13,True,10.873414039611816,0,-75.18509674072266,13.569259643554688,3515.75
afterms-sample-a45fc522-row-25740,empirical_sbt_positive_control,220322,0.12612535059452057,0,3,245.78127082294554,-13,True,13.609786987304688,0,-77.506103515625,14.055218696594238,3597.75
afterms-sample-a45fc522-row-25740,empirical_sbt_positive_control,220422,0.1235593780875206,0,4,245.64364353790455,-13,True,16.346153259277344,0,-79.82504272460938,14.544316291809082,3679.75
afterms-sample-a45fc522-row-25740,empirical_sbt_positive_control,220522,0.12640000879764557,0,5,245.48846480263458,-13,True,19.082523345947266,0,-82.14025115966797,15.04248046875,3761.75
afterms-sample-a45fc522-row-25740,empirical_sbt_positive_control,220622,0.12424825131893158,0,6,245.33698864441035,-13,True,21.818885803222656,0,-84.45069885253906,15.545116424560547,3843.75
afterms-sample-a45fc522-row-25740,empirical_sbt_positive_control,220722,0.12906378507614136,0,7,245.1767642215621,-13,True,24.555248260498047,0,-86.76181030273438,16.050376892089844,3925.75
afterms-sample-a45fc522-row-25740,empirical_sbt_positive_control,220822,0.1304987370967865,0,8,245.01278009002317,-13,True,27.29161262512207,0,-89.0715103149414,16.55713653564453,4007.75
afterms-sample-a45fc522-row-25740,empirical_sbt_positive_control,220922,0.12909440696239471,0,9,244.810927851914,-13,True,30.02797508239746,0,-91.37630462646484,17.06156349182129,4089.75
afterms-sample-a45fc522-row-25740,empirical_sbt_positive_control,221022,0.12346062064170837,0,10,244.6318752792345,-13,True,32.76432800292969,0,-93.67710876464844,17.563520431518555,4171.75
afterms-sample-a45fc522-row-25740,empirical_sbt_positive_control,221122,0.13011160492897034,0,11,244.44348213507322,-13,True,35.50068283081055,0,-95.9769515991211,18.066329956054688,4253.75
afterms-sample-a45fc522-row-25740,empirical_sbt_positive_control,221222,0.1231689304113388,0,12,244.037172719538,-13,True,38.23703384399414,0,-98.2757568359375,18.56680679321289,4335.75
afterms-sample-a45fc522-row-25740,empirical_sbt_positive_control,221322,0.1287728101015091,0,13,243.86207222980235,-13,True,40.973384857177734,0,-100.57328033447266,19.06066131591797,4417.75
afterms-sample-a45fc522-row-25740,empirical_sbt_positive_control,221422,0.1299341768026352,0,14,243.4803212772481,-13,True,43.70973205566406,0,-102.86536407470703,19.54217529296875,4499.75
afterms-sample-a45fc522-row-25740,empirical_sbt_positive_control,221522,0.12990853190422058,0,15,243.29233921663464,-13,True,46.446067810058594,0,-105.1537857055664,20.012630462646484,4581.75
afterms-sample-a45fc522-row-25740,empirical_sbt_positive_control,221622,0.12851953506469727,0,16,243.15068709775775,-13,True,49.182403564453125,0,-107.44478607177734,20.481172561645508,4663.75
afterms-sample-a45fc522-row-25740,empirical_sbt_positive_control,221722,0.13251399993896484,0,17,242.94035938161358,-13,True,51.91874313354492,0,-109.73931121826172,20.950191497802734,4745.75
afterms-sample-a45fc522-row-25740,empirical_sbt_positive_control,221822,0.12616761028766632,0,18,242.793622313267,-13,True,54.655086517333984,0,-112.0367660522461,21.419713973999023,4827.75
afterms-sample-a45fc522-row-25740,empirical_sbt_positive_control,221922,0.1314208209514618,0,19,242.64363292728103,-13,True,57.39142990112305,0,-114.33897399902344,21.89462661743164,4909.75
afterms-sample-a45fc522-row-25740,empirical_sbt_positive_control,222022,0.1282014697790146,0,20,242.48377194948074,-13,True,60.127784729003906,0,-116.64603424072266,22.3761043548584,4991.75
afterms-sample-a45fc522-row-25740,empirical_sbt_positive_control,222122,0.13001768290996552,0,21,242.33476904547217,-13,True,62.864139556884766,0,-118.94880676269531,22.860218048095703,5073.75
afterms-sample-a45fc522-row-25740,empirical_sbt_positive_control,222222,0.12722918391227722,0,22,242.16341577915142,-13,True,65.6004867553711,0,-121.24243927001953,23.34483528137207,5155.75
afterms-sample-a45fc522-row-25740,empirical_sbt_positive_control,222322,0.12739311158657074,0,23,242.0153736971769,-13,True,68.33683013916016,0,-123.5298843383789,23.82879638671875,5237.75
afterms-sample-a45fc522-row-25740,empirical_sbt_positive_control,222422,0.13463367521762848,0,24,241.85904564125636,-13,True,71.07316589355469,0,-125.81546020507812,24.3121337890625,5319.75
afterms-sample-a45fc522-row-25740,empirical_sbt_positive_control,222522,0.12645424902439117,0,25,241.7053578622492,-13,True,73.80950164794922,0,-128.10191345214844,24.79738998413086,5401.75
afterms-sample-a45fc522-row-25740,empirical_sbt_positive_control,222622,0.13050271570682526,0,26,241.56443655780302,-13,True,76.54583740234375,0,-130.38909912109375,25.285097122192383,5483.75
afterms-sample-a45fc522-row-25740,empirical_sbt_positive_control,222722,0.12569573521614075,0,27,241.39991293346645,-13,True,79.28217315673828,0,-132.67922973632812,25.772676467895508,5565.75
afterms-sample-a45fc522-row-25740,empirical_sbt_positive_control,222822,0.12977077066898346,0,28,241.2388128518528,-13,True,82.01851654052734,0,-134.97203063964844,26.25917625427246,5647.75
afterms-sample-a45fc522-row-25740,empirical_sbt_positive_control,222922,0.13145117461681366,0,29,241.08482369732468,-13,True,84.7548599243164,0,-137.26715087890625,26.746700286865234,5729.75
afterms-sample-a45fc522-row-25740,empirical_sbt_positive_control,223022,0.12938551604747772,0,30,240.8966579214676,-13,True,87.4912109375,0,-139.56280517578125,27.23456573486328,5811.75
afterms-sample-a45fc522-row-25740,empirical_sbt_positive_control,223122,0.13184607028961182,0,31,240.73619339728887,-13,True,90.22755432128906,0,-141.85533142089844,27.721784591674805,5893.75
afterms-sample-a45fc522-row-25740,empirical_sbt_positive_control,223222,0.13100992143154144,0,32,240.58516125873584,-13,True,92.96389770507812,0,-144.15171813964844,28.208463668823242,5975.75
afterms-sample-a45fc522-row-25740,empirical_sbt_positive_control,223322,0.13034366071224213,0,33,240.23020540079847,-13,True,95.70024871826172,0,-146.45721435546875,28.69721794128418,6057.75
afterms-sample-a45fc522-row-25740,empirical_sbt_positive_control,223422,0.1282225251197815,0,34,240.07584725242748,-13,True,98.43660736083984,0,-148.76446533203125,29.188459396362305,6139.75
afterms-sample-a45fc522-row-25740,empirical_sbt_positive_control,223522,0.12667067348957062,0,35,239.9328090234965,-13,True,101.17295837402344,0,-151.07119750976562,29.6828670501709,6221.75
afterms-sample-a45fc522-row-25740,empirical_sbt_positive_control,223622,0.1283562332391739,0,36,239.75140900927127,-13,True,103.90931701660156,0,-153.37799072265625,30.179933547973633,6303.75
afterms-sample-a45fc522-row-25740,empirical_sbt_positive_control,223722,0.12753936648368835,0,37,239.6055843461289,-13,True,106.64567565917969,0,-155.68154907226562,30.672683715820312,6385.75
afterms-sample-a45fc522-row-25740,empirical_sbt_positive_control,223822,0.12938176095485687,0,38,239.45963461033668,-13,True,109.38202667236328,0,-157.98475646972656,31.163780212402344,6467.75
afterms-sample-a45fc522-row-25740,empirical_sbt_positive_control,223922,0.12936419248580933,0,39,238.9310034847125,-13,True,112.1183853149414,0,-160.29319763183594,31.65813636779785,6549.75
afterms-sample-a45fc522-row-25740,empirical_sbt_positive_control,224022,0.13176488876342773,0,40,238.73656198816855,-13,True,114.85474395751953,0,-162.60325622558594,32.15086364746094,6631.75
afterms-sample-a45fc522-row-25740,empirical_sbt_positive_control,224122,0.1299716681241989,0,41,238.54504213848867,-13,True,117.59110260009766,0,-164.9095916748047,32.64124298095703,6713.75
afterms-sample-a45fc522-row-25740,empirical_sbt_positive_control,224222,0.12985768914222717,0,42,238.39627921593058,-13,True,120.32746124267578,0,-167.21165466308594,33.129493713378906,6795.75
afterms-sample-a45fc522-row-25740,empirical_sbt_positive_control,224322,0.13397063314914703,0,43,238.24974402424706,-13,True,123.06381225585938,0,-169.5051727294922,33.620094299316406,6877.75
afterms-sample-a45fc522-row-25740,empirical_sbt_positive_control,224422,0.1248992308974266,0,44,238.046039382513,-13,True,125.8001480102539,0,-171.79458618164062,34.11358642578125,6959.75
afterms-sample-a45fc522-row-25740,empirical_sbt_positive_control,224522,0.12861031293869019,0,45,237.85376718505427,-13,True,128.53648376464844,0,-174.0828399658203,34.608707427978516,7041.75
afterms-sample-a45fc522-row-25740,empirical_sbt_positive_control,224622,0.12897531688213348,0,46,237.43163046047823,-13,True,131.2728271484375,0,-176.37200927734375,35.11225509643555,7123.75
afterms-sample-a45fc522-row-25740,empirical_sbt_positive_control,224722,0.1266333907842636,0,47,237.25425875488833,-13,True,134.00917053222656,0,-178.67147827148438,35.618438720703125,7205.75
afterms-sample-a45fc522-row-25740,empirical_sbt_positive_control,224822,0.13163849711418152,0,48,237.1109384258813,-13,True,136.7455291748047,0,-180.977294921875,36.12324523925781,7287.75
afterms-sample-a45fc522-row-25740,empirical_sbt_positive_control,224922,0.12904870510101318,0,49,236.95031009555055,-13,True,139.4818878173828,0,-183.285888671875,36.62721252441406,7369.75
afterms-sample-a45fc522-row-25740,empirical_sbt_positive_control,225022,0.12918974459171295,0,50,236.78122842053784,-13,True,142.21826171875,0,-185.59600830078125,37.130245208740234,7451.75
afterms-sample-a45fc522-row-25740,empirical_sbt_positive_control,225122,0.12904514372348785,0,51,236.62597531665224,-13,True,144.95462036132812,0,-187.9055938720703,37.63591766357422,7533.75
afterms-sample-a45fc522-row-25740,empirical_sbt_positive_control,225222,0.13213935494422913,0,52,236.46838052102927,-13,True,147.69097900390625,0,-190.22189331054688,38.14159393310547,7615.75
afterms-sample-a45fc522-row-25740,empirical_sbt_positive_control,225322,0.12836198508739471,0,53,236.30891134697902,-13,True,150.42735290527344,0,-192.5435028076172,38.645286560058594,7697.75
afterms-sample-a45fc522-row-25740,empirical_sbt_positive_control,225422,0.1288589984178543,0,54,236.14197244892898,-13,True,153.16372680664062,0,-194.8628387451172,39.14431381225586,7779.75
afterms-sample-a45fc522-row-25740,empirical_sbt_positive_control,225522,0.13010144233703613,0,55,235.9754079545974,-13,True,155.9001007080078,0,-197.18014526367188,39.636009216308594,7861.75
afterms-sample-a45fc522-row-25740,empirical_sbt_positive_control,225622,0.1314389556646347,0,56,235.82901728658254,-13,True,158.63645935058594,0,-199.4987030029297,40.121360778808594,7943.75
afterms-sample-a45fc522-row-25740,empirical_sbt_positive_control,225722,0.1305101215839386,0,57,235.61167094278315,-13,True,161.37283325195312,0,-201.8166046142578,40.60000991821289,8025.75
afterms-sample-a45fc522-row-25740,empirical_sbt_positive_control,225822,0.12364042550325394,0,58,235.45582972939565,-13,True,164.10919189453125,0,-204.1297149658203,41.076839447021484,8107.75
afterms-sample-a45fc522-row-25740,empirical_sbt_positive_control,225922,0.13428503274917603,0,59,235.2966647830417,-13,True,166.84555053710938,0,-206.44082641601562,41.5517692565918,8189.75
afterms-sample-a45fc522-row-25740,empirical_sbt_positive_control,226022,0.1275240033864975,0,60,235.1416292467063,-13,True,169.5819091796875,0,-208.75338745117188,42.02288055419922,8271.75
afterms-sample-a45fc522-row-25740,empirical_sbt_positive_control,226022,0.003000987460836768,0,61,0.0034746120338943753,11,False,172.02049255371094,-2,-209.68360900878906,42.24945068359375,8305.1953125
afterms-sample-a45fc522-row-25740,empirical_sbt_positive_control,226022,0.0012038389686495066,0,62,0.0016369328206662995,11,False,171.93243408203125,-2,-209.6242218017578,42.2750358581543,8302.01953125
afterms-sample-a45fc522-row-25740,empirical_sbt_positive_control,226022,0.0011532842181622982,0,63,0.0015838934492956114,11,False,171.6005859375,-2,-209.30044555664062,42.10838317871094,8292.037109375
afterms-sample-a45fc522-row-25740,empirical_sbt_positive_control,226022,0.0037314859218895435,0,64,0.005671529985786981,11,False,170.7405548095703,-2,-208.9689178466797,41.769927978515625,8266.974609375
afterms-sample-a45fc522-row-25740,empirical_sbt_positive_control,226022,0.001452018739655614,0,65,0.0018953411635977706,11,False,170.77342224121094,-2,-208.6329345703125,41.637359619140625,8267.1982421875
afterms-sample-a45fc522-row-25740,empirical_sbt_positive_control,226022,0.009119892492890358,0,66,0.009617325636139519,11,False,170.16294860839844,-2,-208.7808837890625,40.68515396118164,8250.3642578125
afterms-sample-a45fc522-row-25740,empirical_sbt_positive_control,226022,0.001501098508015275,0,67,0.0019461285281543105,11,False,169.58438110351562,-2,-207.75314331054688,41.84071350097656,8231.5234375
afterms-sample-a45fc522-row-25740,empirical_sbt_positive_control,226022,0.0002298584731761366,0,68,0.0017698410979386703,22,False,169.5830078125,-2,-212.13577270507812,36.35708999633789,8258.3544921875
afterms-sample-a45fc522-row-25740,empirical_sbt_positive_control,226022,0.0014539506519213319,0,69,0.0018973420458465737,11,False,171.4366912841797,-2,-216.56150817871094,31.064064025878906,8285.38671875
afterms-sample-a45fc522-row-25740,empirical_sbt_positive_control,226022,8.603196329204366e-05,0,70,0.0003087490475119633,11,False,171.04379272460938,-2,-214.8097381591797,31.751588821411133,8273.5771484375
afterms-sample-a45fc522-row-25740,empirical_sbt_positive_control,225922,0.001770618138834834,0,71,0.0022236583795749963,11,False,169.2976837158203,-2,-207.44158935546875,41.59030532836914,8223.2099609375
afterms-sample-a45fc522-row-25740,empirical_sbt_positive_control,225922,0.0016933169681578875,0,72,0.002144268808069347,11,False,168.85836791992188,-2,-206.90452575683594,41.75048828125,8210.0537109375
afterms-sample-a45fc522-row-25740,empirical_sbt_positive_control,225922,0.0013805950293317437,0,73,0.001821265434522134,11,False,168.48342895507812,-2,-206.7835693359375,41.58717727661133,8198.6728515625
afterms-sample-a45fc522-row-25740,empirical_sbt_positive_control,225922,0.0018662726506590843,0,74,0.0023217019914113122,11,False,168.27256774902344,-2,-206.57308959960938,41.43928909301758,8192.423828125
afterms-sample-a45fc522-row-25740,empirical_sbt_positive_control,225822,0.003796421689912677,0,75,0.0042770026864396,11,False,166.45010375976562,-2,-205.01593017578125,41.96275329589844,8138.16650390625
afterms-sample-a45fc522-row-25740,empirical_sbt_positive_control,225822,0.005413733888417482,0,76,0.0059026550009358865,11,False,166.43499755859375,-2,-205.77561950683594,40.99958419799805,8138.23486328125
afterms-sample-a45fc522-row-25740,empirical_sbt_positive_control,225822,0.0011219736188650131,0,77,0.0015509608302461933,11,False,166.1858367919922,-2,-204.78973388671875,41.20575714111328,8129.77099609375
afterms-sample-a45fc522-row-25740,empirical_sbt_positive_control,225822,0.007773430552333593,0,78,0.00826865436398886,11,False,165.86451721191406,-2,-204.9092254638672,42.098854064941406,8121.755859375
afterms-sample-a45fc522-row-25740,empirical_sbt_positive_control,225822,0.0015623215585947037,0,79,0.0020093625642749638,11,False,165.75282287597656,-2,-204.2887725830078,41.03154754638672,8116.90380859375
afterms-sample-a45fc522-row-25740,empirical_sbt_positive_control,225822,0.0014743024948984385,0,80,0.0019184112281610776,11,False,165.6422882080078,-2,-204.32923889160156,41.14543533325195,8113.50146484375
afterms-sample-a45fc522-row-25740,empirical_sbt_positive_control,225822,0.0012115174904465675,0,81,0.0016449750851451215,11,False,165.26280212402344,-2,-203.9692840576172,40.9517822265625,8102.1376953125
afterms-sample-a45fc522-row-25740,empirical_sbt_positive_control,225822,0.001315527013503015,0,82,0.001753589707839026,11,False,165.21058654785156,-2,-204.00588989257812,41.041595458984375,8100.603515625
afterms-sample-a45fc522-row-25740,empirical_sbt_positive_control,225822,0.004443092737346888,0,83,0.004927667306011286,11,False,164.4996337890625,-2,-203.92759704589844,41.04392623901367,8079.927734375
afterms-sample-a45fc522-row-25740,empirical_sbt_positive_control,225822,0.001821079757064581,0,84,0.0022754057406199984,11,False,164.44151306152344,-2,-203.23580932617188,41.037662506103516,8077.6552734375
afterms-sample-a45fc522-row-25740,empirical_sbt_positive_control,225722,0.0016074723098427057,0,85,0.002055918430054809,11,False,163.9027099609375,-2,-202.87579345703125,40.81536865234375,8061.54833984375
afterms-sample-a45fc522-row-25740,empirical_sbt_positive_control,225722,0.002019037725403905,0,86,0.0024778952516926037,11,False,162.99481201171875,-2,-202.2169952392578,40.50583267211914,8034.4287109375
afterms-sample-a45fc522-row-25740,empirical_sbt_positive_control,225722,0.0014601877192035317,0,87,0.0019038005836650345,11,False,162.90338134765625,-2,-201.96817016601562,40.73782730102539,8031.4580078125
afterms-sample-a45fc522-row-25740,empirical_sbt_positive_control,225722,0.0010396693833172321,0,88,0.0014640533967300408,11,False,162.85581970214844,-2,-201.94020080566406,40.58832550048828,8029.9775390625
afterms-sample-a45fc522-row-25740,empirical_sbt_positive_control,225722,0.007351538632065058,0,89,0.007845914974893807,11,False,162.8435821533203,-2,-201.57911682128906,41.336002349853516,8031.1923828125
afterms-sample-a45fc522-row-25740,empirical_sbt_positive_control,225722,0.0015139683382585645,0,90,0.001959431688143118,11,False,162.69113159179688,-2,-201.7359161376953,40.68607711791992,8025.1806640625
afterms-sample-a45fc522-row-25740,empirical_sbt_positive_control,225622,0.00020992949430365115,0,91,0.0025121493039978876,11,False,161.3188018798828,-2,-200.6502685546875,40.306556701660156,7983.9404296875
afterms-sample-a45fc522-row-25740,empirical_sbt_positive_control,225622,0.0014788307016715407,0,92,0.001923096922239376,11,False,161.30487060546875,-2,-200.52566528320312,40.348636627197266,7983.6044921875
afterms-sample-a45fc522-row-25740,empirical_sbt_positive_control,225622,0.0023439638316631317,0,93,0.002808859512310275,11,False,161.16452026367188,-2,-200.4369659423828,40.267860412597656,7979.654296875
afterms-sample-a45fc522-row-25740,empirical_sbt_positive_control,225622,0.0016322419978678226,0,94,0.002081432679434306,11,False,160.3784637451172,-2,-199.82894897460938,40.053466796875,7955.8564453125
afterms-sample-a45fc522-row-25740,empirical_sbt_positive_control,225622,0.0011494210921227932,0,95,0.0015798337336965869,11,False,159.89512634277344,-2,-199.43319702148438,40.14826965332031,7941.2607421875
afterms-sample-a45fc522-row-25740,empirical_sbt_positive_control,225622,0.05845559015870094,0,96,0.07166880165438368,11,False,159.47528076171875,-2,-199.27865600585938,41.863712310791016,7944.8740234375
afterms-sample-a45fc522-row-25740,empirical_sbt_positive_control,225622,0.0003117042069789022,0,97,0.0011613481164666393,22,False,160.45469665527344,-2,-202.10205078125,50.678138732910156,7968.2275390625
afterms-sample-a45fc522-row-25740,empirical_sbt_positive_control,225622,0.0008496438967995346,0,98,0.001261042768048672,11,False,161.3721466064453,-2,-203.97787475585938,58.85997772216797,7979.12109375
afterms-sample-a45fc522-row-25740,empirical_sbt_positive_control,225622,0.00228271191008389,0,99,0.0027465798082463902,11,False,159.96694946289062,-2,-200.17337036132812,40.988834381103516,7943.580078125
afterms-sample-a45fc522-row-25740,empirical_sbt_positive_control,225622,0.003955855965614319,0,100,0.004437530192908226,11,False,159.94090270996094,-2,-200.7421112060547,41.289947509765625,7943.01416015625
afterms-sample-a45fc522-row-25740,empirical_sbt_positive_control,225622,0.0006548231467604637,0,101,0.004290836909900558,22,False,159.92198181152344,-2,-200.98870849609375,41.4232177734375,7948.83251953125
afterms-sample-a45fc522-row-25740,empirical_sbt_positive_control,225622,0.00310858734883368,0,102,0.003583334204164266,11,False,160.38729858398438,-2,-201.86285400390625,42.35843276977539,7956.3173828125
afterms-sample-a45fc522-row-25740,empirical_sbt_positive_control,225622,0.0005274263676255941,0,103,0.0009039951483147164,11,False,160.2703399658203,-2,-201.02064514160156,41.42072296142578,7952.3447265625
afterms-sample-a45fc522-row-25740,empirical_sbt_positive_control,225622,0.0010132823372259736,0,104,0.0014360756964465536,11,False,159.8180389404297,-2,-200.08827209472656,40.55315017700195,7938.880859375
afterms-sample-a45fc522-row-25740,empirical_sbt_positive_control,225522,0.0015031042275950313,0,105,0.0019482021592427694,11,False,157.09706115722656,-2,-196.94435119628906,39.60165023803711,7857.52734375
afterms-sample-a45fc522-row-25740,empirical_sbt_positive_control,225522,0.0016452724812552333,0,106,0.0020948475845329055,11,False,156.5236053466797,-2,-196.45416259765625,39.33320999145508,7840.326171875
afterms-sample-a45fc522-row-25740,empirical_sbt_positive_control,225522,0.0016257656970992684,0,107,0.002074763417857007,11,False,156.45046997070312,-2,-196.45046997070312,39.44336700439453,7838.23095703125
afterms-sample-a45fc522-row-25740,empirical_sbt_positive_control,225522,0.0028885940555483103,0,108,0.003360969064571911,11,False,156.14706420898438,-2,-196.27122497558594,39.21230697631836,7829.14892578125
afterms-sample-a45fc522-row-25740,empirical_sbt_positive_control,225522,0.0023403861559927464,0,109,0.002805223151745372,11,False,156.01654052734375,-2,-195.9889373779297,39.57111740112305,7825.35986328125
afterms-sample-a45fc522-row-25740,empirical_sbt_positive_control,225422,0.006107686087489128,0,110,0.008064262888356634,11,False,155.52627563476562,-2,-195.0443572998047,38.968135833740234,7811.650390625
afterms-sample-a45fc522-row-25740,empirical_sbt_positive_control,225422,0.0014617514098063111,0,111,0.0019054195864764048,11,False,155.5900115966797,-2,-194.8397979736328,39.52501678466797,7812.150390625
afterms-sample-a45fc522-row-25740,empirical_sbt_positive_control,225422,0.0046297283843159676,0,112,0.005115267231367659,11,False,154.92604064941406,-2,-195.30975341796875,39.530418395996094,7793.09130859375
afterms-sample-a45fc522-row-25740,empirical_sbt_positive_control,225422,0.0015161021146923304,0,113,0.001961636801446489,11,False,154.76632690429688,-2,-195.12142944335938,39.35927963256836,7787.615234375
afterms-sample-a45fc522-row-25740,empirical_sbt_positive_control,225422,0.0031725300941616297,0,114,0.00364791252082563,11,False,154.7581329345703,-2,-195.47715759277344,39.41522216796875,7787.685546875
afterms-sample-a45fc522-row-25740,empirical_sbt_positive_control,225422,0.00157482351642102,0,115,0.0020222600173661837,11,False,154.74269104003906,-2,-195.06980895996094,39.13740539550781,7787.00732421875
afterms-sample-a45fc522-row-25740,empirical_sbt_positive_control,225422,0.001168068265542388,0,116,0.0015994207023383015,11,False,154.68978881835938,-2,-195.04583740234375,39.26518630981445,7785.27197265625
afterms-sample-a45fc522-row-25740,empirical_sbt_positive_control,225422,0.012395236641168594,0,117,0.012896116162970596,11,False,154.38870239257812,-2,-194.06919860839844,39.23094940185547,7779.4501953125
afterms-sample-a45fc522-row-25740,empirical_sbt_positive_control,225322,0.0020161240827292204,0,118,0.0024749203232520348,11,False,152.86285400390625,-2,-193.46340942382812,39.012203216552734,7730.7646484375
afterms-sample-a45fc522-row-25740,empirical_sbt_positive_control,225322,0.002041964326053858,0,119,0.002501300004424402,11,False,152.43309020996094,-2,-193.17727661132812,38.79032516479492,7717.92626953125
afterms-sample-a45fc522-row-25740,empirical_sbt_positive_control,225322,0.008899100124835968,0,120,0.011243388433959778,11,False,152.3416748046875,-2,-194.04144287109375,39.13713455200195,7716.93017578125
afterms-sample-a45fc522-row-25740,empirical_sbt_positive_control,225322,0.001844896120019257,0,121,0.002299808986968357,11,False,152.46115112304688,-2,-194.2495880126953,38.860435485839844,7718.35546875
afterms-sample-a45fc522-row-25740,empirical_sbt_positive_control,225322,0.0023832665756344795,0,122,0.00284879835555968,11,False,151.97996520996094,-2,-192.94625854492188,38.90271759033203,7704.36474609375
afterms-sample-a45fc522-row-25740,empirical_sbt_positive_control,225322,0.004098183009773493,0,123,0.004580768309401604,11,False,151.67222595214844,-2,-192.2740936279297,38.499237060546875,7695.61572265625
afterms-sample-a45fc522-row-25740,empirical_sbt_positive_control,225322,0.00261840783059597,0,124,0.003087404551908755,11,False,151.61366271972656,-2,-192.5675811767578,38.597068786621094,7693.47265625
afterms-sample-a45fc522-row-25740,empirical_sbt_positive_control,225322,0.0031720593106001616,0,125,0.003647437278011636,11,False,150.76837158203125,-2,-191.5010223388672,38.05824661254883,7668.2509765625
afterms-sample-a45fc522-row-25740,empirical_sbt_positive_control,225322,0.0027321239467710257,0,126,0.006641042919291359,11,False,150.6950225830078,-2,-191.84786987304688,38.63158416748047,7665.99169921875
afterms-sample-a45fc522-row-25740,empirical_sbt_positive_control,225322,1.7559999676564075e-08,0,127,0.003417550639279056,22,False,150.70907592773438,-2,-196.79434204101562,37.50102996826172,7672.14892578125
afterms-sample-a45fc522-row-25740,empirical_sbt_positive_control,225322,0.0006374233635142446,0,128,0.0010284716181215114,11,False,150.758056640625,-2,-192.45945739746094,38.48114776611328,7667.2158203125
afterms-sample-a45fc522-row-25740,empirical_sbt_positive_control,225222,0.0010002199560403824,0,129,0.0014222034514697578,11,False,149.1832733154297,-2,-190.3828125,38.17958450317383,7620.25341796875
afterms-sample-a45fc522-row-25740,empirical_sbt_positive_control,225222,0.004212479572743177,0,130,0.004695756744308833,11,False,149.09840393066406,-2,-190.6187744140625,38.46192169189453,7618.625
afterms-sample-a45fc522-row-25740,empirical_sbt_positive_control,225222,0.0012556406436488032,0,131,0.0016911225117572112,11,False,148.94229125976562,-2,-190.21209716796875,38.10343551635742,7613.0927734375
afterms-sample-a45fc522-row-25740,empirical_sbt_positive_control,225222,0.001080970629118383,0,132,0.001507729160007671,11,False,148.87615966796875,-2,-190.1160125732422,38.08616638183594,7611.0546875
afterms-sample-a45fc522-row-25740,empirical_sbt_positive_control,225222,0.010647032409906387,0,133,0.011146324234953188,11,False,148.66561889648438,-2,-191.86793518066406,38.03141403198242,7605.4833984375
afterms-sample-a45fc522-row-25740,empirical_sbt_positive_control,225222,0.001115908264182508,0,134,0.0015445734995116497,11,False,147.91586303710938,-2,-189.26776123046875,37.97518539428711,7582.2802734375
afterms-sample-a45fc522-row-25740,empirical_sbt_positive_control,225222,0.0029831677675247192,0,135,0.00345659959470312,11,False,147.693603515625,-2,-188.8456268310547,37.07002639770508,7575.78369140625
afterms-sample-a45fc522-row-25740,empirical_sbt_positive_control,225122,0.008463095873594284,0,136,0.008959534283821647,11,False,147.09487915039062,-2,-189.40570068359375,37.57783126831055,7559.3955078125
afterms-sample-a45fc522-row-25740,empirical_sbt_positive_control,225122,0.004417581018060446,0,137,0.004902017661355654,11,False,146.76148986816406,-2,-188.3632049560547,38.376220703125,7548.40771484375
afterms-sample-a45fc522-row-25740,empirical_sbt_positive_control,225122,0.001971125602722168,0,138,0.0024289547957252076,11,False,146.43711853027344,-2,-187.79205322265625,37.713436126708984,7538.1025390625
afterms-sample-a45fc522-row-25740,empirical_sbt_positive_control,225122,0.0022151197772473097,0,139,0.002677798115937202,11,False,145.73854064941406,-2,-187.5730743408203,37.32881546020508,7517.265625
afterms-sample-a45fc522-row-25740,empirical_sbt_positive_control,225122,0.0010910796700045466,0,140,0.0015183991448791015,11,False,145.585693359375,-2,-187.27508544921875,37.47869110107422,7512.4521484375
afterms-sample-a45fc522-row-25740,empirical_sbt_positive_control,225022,0.0035644324962049723,0,141,0.004043268601792891,11,False,144.79103088378906,-2,-186.673828125,37.13701248168945,7489.30078125
afterms-sample-a45fc522-row-25740,empirical_sbt_positive_control,225022,0.0017458995571359992,0,142,0.002198288128852813,11,False,143.8824920654297,-2,-186.00099182128906,37.29218292236328,7461.5888671875
afterms-sample-a45fc522-row-25740,empirical_sbt_positive_control,225022,0.0023532516788691282,0,143,0.0028182994554475337,11,False,143.79299926757812,-2,-185.58139038085938,37.03190231323242,7459.06396484375
afterms-sample-a45fc522-row-25740,empirical_sbt_positive_control,225022,0.0026148008182644844,0,144,0.003083748288173946,11,False,143.56089782714844,-2,-185.8773651123047,37.46391296386719,7452.01220703125
afterms-sample-a45fc522-row-25740,empirical_sbt_positive_control,225022,0.0010471473215147853,0,145,0.0014719713408915822,11,False,143.45950317382812,-2,-185.53591918945312,37.13955307006836,7448.73291015625
afterms-sample-a45fc522-row-25740,empirical_sbt_positive_control,225022,0.0010968362912535667,0,146,0.0015244718166666485,11,False,143.40847778320312,-2,-185.43359375,37.084476470947266,7447.20849609375
afterms-sample-a45fc522-row-25740,empirical_sbt_positive_control,225022,0.0031561385840177536,0,147,0.0036313602075318027,11,False,143.23251342773438,-2,-185.61781311035156,37.4125862121582,7442.29931640625
afterms-sample-a45fc522-row-25740,empirical_sbt_positive_control,225022,0.0026846849359571934,0,148,0.003154564236751787,11,False,142.7899169921875,-2,-184.82614135742188,36.91498565673828,7428.91015625
afterms-sample-a45fc522-row-25740,empirical_sbt_positive_control,225022,0.0018385039875283837,0,149,0.002293260533240719,11,False,142.62799072265625,-2,-184.7816925048828,37.124717712402344,7424.02587890625
afterms-sample-a45fc522-row-25740,empirical_sbt_positive_control,224922,0.0012913657119497657,0,150,0.001728409141763619,11,False,141.84669494628906,-2,-184.21859741210938,36.806522369384766,7400.45654296875
afterms-sample-a45fc522-row-25740,empirical_sbt_positive_control,224922,0.005101468414068222,0,151,0.005589156642465195,11,False,141.70701599121094,-2,-184.33314514160156,36.31355667114258,7397.24072265625
afterms-sample-a45fc522-row-25740,empirical_sbt_positive_control,224922,0.00213487446308136,0,152,0.0025960596369773246,11,False,140.6556854248047,-2,-183.3274688720703,36.74079132080078,7364.91015625
afterms-sample-a45fc522-row-25740,empirical_sbt_positive_control,224922,0.002727487590163946,0,153,0.003197917313099055,11,False,140.41217041015625,-2,-183.194580078125,36.194183349609375,7357.708984375
afterms-sample-a45fc522-row-25740,empirical_sbt_positive_control,224922,0.0012320062378421426,0,154,0.0016664173779951854,11,False,140.14895629882812,-2,-182.65284729003906,36.443603515625,7349.5625
afterms-sample-a45fc522-row-25740,empirical_sbt_positive_control,224922,0.0022630204912275076,0,155,0.002726547986679419,11,False,139.77053833007812,-2,-182.57656860351562,36.24932098388672,7338.4951171875
afterms-sample-a45fc522-row-25740,empirical_sbt_positive_control,224922,0.001406988361850381,0,156,0.0018486631011461758,11,False,139.5155029296875,-2,-182.13006591796875,36.328556060791016,7330.60693359375
afterms-sample-a45fc522-row-25740,empirical_sbt_positive_control,224922,0.004866134840995073,0,157,0.005352798241573331,-11,False,139.51028442382812,-2,-181.44924926757812,36.74567413330078,7331.3369140625
afterms-sample-a45fc522-row-25740,empirical_sbt_positive_control,224922,0.0005109988851472735,0,158,0.0005109989018650387,22,False,139.633544921875,-2,-180.72335815429688,37.105743408203125,7332.3232421875
afterms-sample-a45fc522-row-25740,empirical_sbt_positive_control,224922,0.0005109988851472735,0,159,0.0005109989018650387,22,False,139.633544921875,-2,-180.72335815429688,37.105743408203125,7332.3232421875
afterms-sample-a45fc522-row-25740,empirical_sbt_positive_control,224922,0.011809173040091991,0,160,0.012309570740172119,11,False,139.51028442382812,-2,-180.89846801757812,36.298851013183594,7333.4375
afterms-sample-a45fc522-row-25740,empirical_sbt_positive_control,224922,0.002434047404676676,0,161,0.0029003753431161437,11,False,139.48216247558594,-2,-182.2525634765625,36.07524490356445,7329.85693359375
afterms-sample-a45fc522-row-25740,empirical_sbt_positive_control,224822,0.001926101860590279,0,162,0.0034417477062762677,11,False,139.4058837890625,-2,-182.12274169921875,36.772274017333984,7327.61083984375
afterms-sample-a45fc522-row-25740,empirical_sbt_positive_control,224822,0.00116212316788733,0,163,0.0015931784155471178,11,False,139.39442443847656,-2,-182.07302856445312,36.4181022644043,7326.9716796875
afterms-sample-a45fc522-row-25740,empirical_sbt_positive_control,224822,0.00148118962533772,0,164,0.0019255376349951508,11,False,139.1864013671875,-2,-182.02284240722656,36.28498458862305,7320.79638671875
afterms-sample-a45fc522-row-25740,empirical_sbt_positive_control,224822,0.002976920222863555,0,165,0.0034502840141670005,11,False,138.56399536132812,-2,-180.995849609375,36.054195404052734,7302.57275390625
afterms-sample-a45fc522-row-25740,empirical_sbt_positive_control,224822,0.009157494641840458,0,166,0.00965498108951699,11,False,138.55154418945312,-2,-180.88125610351562,36.1357536315918,7304.0908203125
afterms-sample-a45fc522-row-25740,empirical_sbt_positive_control,224822,0.002649308880791068,0,167,0.0031187218400213486,11,False,137.0758819580078,-2,-179.92462158203125,36.126468658447266,7257.880859375
afterms-sample-a45fc522-row-25740,empirical_sbt_positive_control,224822,0.0021328108850866556,0,168,0.002593956492195581,11,False,136.74559020996094,-2,-179.6659393310547,35.875946044921875,7247.806640625
afterms-sample-a45fc522-row-25740,empirical_sbt_positive_control,224722,0.0014483988052234054,0,169,0.0018915918047282627,11,False,136.67669677734375,-2,-179.72171020507812,35.86589431762695,7245.59375
afterms-sample-a45fc522-row-25740,empirical_sbt_positive_control,224722,0.0015289339935407043,0,170,0.0019748939767487163,11,False,136.64959716796875,-2,-179.72019958496094,35.99176025390625,7244.712890625
afterms-sample-a45fc522-row-25740,empirical_sbt_positive_control,224722,0.0018380670808255672,0,171,0.0022928129408724914,11,False,136.26634216308594,-2,-179.2771453857422,35.600521087646484,7233.28759765625
afterms-sample-a45fc522-row-25740,empirical_sbt_positive_control,224722,0.0012746721040457487,0,172,0.0017109941180254973,11,False,134.3710174560547,-2,-177.92758178710938,35.471683502197266,7176.42529296875
afterms-sample-a45fc522-row-25740,empirical_sbt_positive_control,224722,0.00255106994882226,0,173,0.003019130030601524,11,False,134.26646423339844,-2,-177.90834045410156,35.24531936645508,7173.6298828125
afterms-sample-a45fc522-row-25740,empirical_sbt_positive_control,224722,0.005732413846999407,0,174,0.006222466216891183,11,False,134.01080322265625,-2,-178.21714782714844,34.635589599609375,7166.1171875
afterms-sample-a45fc522-row-25740,empirical_sbt_positive_control,224622,0.019188448786735535,0,175,0.024107674385110918,11,False,133.28048706054688,-2,-176.906005859375,35.56502151489258,7149.1240234375
afterms-sample-a45fc522-row-25740,empirical_sbt_positive_control,224622,0.0029992375057190657,0,176,0.003472843334413529,11,False,133.4249267578125,-2,-176.58226013183594,35.66523361206055,7148.27294921875
afterms-sample-a45fc522-row-25740,empirical_sbt_positive_control,224622,0.001414403785020113,0,177,0.0018563555559976764,11,False,133.3671875,-2,-176.7571258544922,35.65531921386719,7146.2607421875
afterms-sample-a45fc522-row-25740,empirical_sbt_positive_control,224622,0.003953295294195414,0,178,0.004434952307690054,11,False,132.8599853515625,-2,-176.54933166503906,35.69695281982422,7131.80908203125
afterms-sample-a45fc522-row-25740,empirical_sbt_positive_control,224622,0.0012506424682214856,0,179,0.0016859004753601776,11,False,132.764404296875,-2,-176.576171875,35.16614532470703,7128.28125
afterms-sample-a45fc522-row-25740,empirical_sbt_positive_control,224622,0.0038093547336757183,0,180,0.004290027499579447,11,False,131.6776580810547,-2,-176.23086547851562,35.03828811645508,7096.22119140625
afterms-sample-a45fc522-row-25740,empirical_sbt_positive_control,224522,0.001106760697439313,0,181,0.0015349351663762549,11,False,131.08514404296875,-2,-175.05300903320312,34.81870651245117,7077.91748046875
afterms-sample-a45fc522-row-25740,empirical_sbt_positive_control,224522,0.0014368287520483136,0,182,0.0018796044272690077,11,False,130.97694396972656,-2,-175.07412719726562,34.86309051513672,7074.73046875
afterms-sample-a45fc522-row-25740,empirical_sbt_positive_control,224522,0.002539366018027067,0,183,0.0030072588641875593,11,False,130.43850708007812,-2,-174.34378051757812,34.49506759643555,7058.79248046875
afterms-sample-a45fc522-row-25740,empirical_sbt_positive_control,224522,0.05758180841803551,0,184,0.2779824749126022,11,False,130.0453338623047,64,-174.60440063476562,34.136802673339844,7064.35791015625
afterms-sample-a45fc522-row-25740,empirical_sbt_positive_control,224622,0.008481420576572418,0,185,0.008977888295939065,11,False,131.2754669189453,64,-174.579833984375,32.8583984375,7085.45751953125
afterms-sample-a45fc522-row-25740,empirical_sbt_positive_control,224622,6.567283161729165e-09,0,186,0.0003831148419999068,1000060120,False,131.7870635986328,-2,-175.0004425048828,33.27162170410156,7098.89453125
afterms-sample-a45fc522-row-25740,empirical_sbt_positive_control,224622,0.023214882239699364,0,187,0.04919538858829804,-11,False,131.7870635986328,-2,-176.1425018310547,33.264583587646484,7104.88916015625
afterms-sample-a45fc522-row-25740,empirical_sbt_positive_control,224622,0.0005109988851472735,0,188,0.0005109988998743396,22,False,132.32069396972656,-2,-177.28456115722656,33.257545471191406,7110.8837890625
afterms-sample-a45fc522-row-25740,empirical_sbt_positive_control,224622,0.0005109988851472735,0,189,0.0005109988998743396,22,False,132.32069396972656,-2,-177.28456115722656,33.257545471191406,7110.8837890625
afterms-sample-a45fc522-row-25740,empirical_sbt_positive_control,224722,0.00024207607202697545,0,190,0.02547216129261748,22,False,134.02191162109375,-2,-170.38613891601562,38.384429931640625,7178.00048828125
afterms-sample-a45fc522-row-25740,empirical_sbt_positive_control,224722,0.0018921451410278678,0,191,0.0023481867729219673,11,False,134.8883819580078,-2,-168.33750915527344,36.86383056640625,7190.75341796875
afterms-sample-a45fc522-row-25740,empirical_sbt_positive_control,224722,0.011957909911870956,0,192,0.012458433986212105,11,False,134.79685974121094,-2,-168.87709045410156,38.59515380859375,7191.1806640625
afterms-sample-a45fc522-row-25740,empirical_sbt_positive_control,224722,0.009459096007049084,0,193,0.011880044515461867,11,False,134.0506134033203,-2,-173.69503784179688,40.61304473876953,7168.3984375
afterms-sample-a45fc522-row-25740,empirical_sbt_positive_control,224722,0.0019209347665309906,0,194,0.0023776420332754515,11,False,134.17100524902344,-2,-173.6359405517578,41.12944030761719,7169.6455078125
afterms-sample-a45fc522-row-25740,empirical_sbt_positive_control,224622,0.026181058958172798,0,195,0.026687166654798936,11,False,131.7870635986328,-2,-175.55104064941406,35.02908706665039,7104.72412109375
afterms-sample-a45fc522-row-25740,empirical_sbt_positive_control,224622,0.000700860284268856,0,196,0.030189024520434815,22,False,131.27334594726562,-2,-174.74063110351562,33.45171356201172,7120.0009765625
afterms-sample-a45fc522-row-25740,empirical_sbt_positive_control,224622,2.730400012751488e-07,0,197,1.670691002209271e-05,11,False,133.70858764648438,-2,-174.41554260253906,33.17449188232422,7156.50146484375
afterms-sample-a45fc522-row-25740,empirical_sbt_positive_control,224622,0.011205079033970833,0,198,0.02999453897440771,11,False,133.70858764648438,-2,-174.42041015625,33.597373962402344,7160.2509765625
afterms-sample-a45fc522-row-25740,empirical_sbt_positive_control,224722,0.005271389149129391,0,199,0.007358674410596167,11,False,134.01690673828125,-2,-175.58143615722656,34.16327667236328,7166.29345703125
afterms-sample-a45fc522-row-25740,empirical_sbt_positive_control,224722,0.0015940072480589151,0,200,0.002042040948297491,11,False,134.07223510742188,-2,-176.1146697998047,34.63417434692383,7166.75
afterms-sample-a45fc522-row-25740,empirical_sbt_positive_control,224722,0.0006371520576067269,0,201,0.003399585020770966,22,False,134.00900268554688,-2,-174.9086151123047,33.636680603027344,7173.9912109375
afterms-sample-a45fc522-row-25740,empirical_sbt_positive_control,224722,0.002762432908639312,0,202,0.0032333011141004804,11,False,134.57594299316406,-2,-175.26759338378906,33.87948989868164,7182.9482421875
afterms-sample-a45fc522-row-25740,empirical_sbt_positive_control,224722,1.4950000348790127e-08,0,203,0.07059085366039822,22,False,134.0101776123047,-2,-182.1079864501953,31.911609649658203,7175.125
afterms-sample-a45fc522-row-25740,empirical_sbt_positive_control,224722,2.7305000571686833e-07,0,204,1.670721590315592e-05,11,False,134.331787109375,-2,-177.46287536621094,31.51953887939453,7175.13623046875
afterms-sample-a45fc522-row-25740,empirical_sbt_positive_control,224722,0.0578131340444088,0,205,0.06927569982717525,11,False,134.331787109375,-2,-182.09568786621094,31.17089080810547,7191.30908203125
afterms-sample-a45fc522-row-25740,empirical_sbt_positive_control,224722,1.7559999676564075e-08,0,206,0.004109866286788476,22,False,135.2500762939453,-2,-185.92840576171875,31.393470764160156,7205.78173828125
afterms-sample-a45fc522-row-25740,empirical_sbt_positive_control,224722,0.0015995732974261045,0,207,0.0020477780236604205,11,False,135.4873809814453,-2,-187.2308807373047,30.238574981689453,7207.39697265625
afterms-sample-a45fc522-row-25740,empirical_sbt_positive_control,224722,0.001930357189849019,0,208,0.0023872787348595327,11,False,134.72645568847656,-2,-178.33248901367188,31.86262321472168,7187.087890625
afterms-sample-a45fc522-row-25740,empirical_sbt_positive_control,224722,0.0013423017226159573,0,209,0.0017814609317719316,11,False,134.68067932128906,-2,-177.92691040039062,31.699201583862305,7185.724609375
afterms-sample-a45fc522-row-25740,empirical_sbt_positive_control,224722,0.0007638997631147504,0,210,0.001040017826103952,22,False,134.62344360351562,-2,-177.9942169189453,31.687274932861328,7186.88720703125
afterms-sample-a45fc522-row-25740,empirical_sbt_positive_control,224722,2.558900007443299e-07,0,211,1.617357452616355e-05,11,False,134.82522583007812,-2,-178.215576171875,31.766908645629883,7189.90283203125
afterms-sample-a45fc522-row-25740,empirical_sbt_positive_control,224722,0.00027586217038333416,0,212,0.0005983564742648961,11,False,134.82522583007812,-2,-178.215576171875,31.766908645629883,7189.90283203125
afterms-sample-a45fc522-row-25740,empirical_sbt_positive_control,224722,0.0012447142507880926,0,213,0.0016797049915505222,11,False,134.51333618164062,-2,-177.51478576660156,31.58292579650879,7180.65625
afterms-sample-a45fc522-row-25740,empirical_sbt_positive_control,224722,0.0002269170799991116,0,214,0.0012861959057432362,22,False,134.38836669921875,-2,-176.78472900390625,32.54389572143555,7180.33154296875
afterms-sample-a45fc522-row-25740,empirical_sbt_positive_control,224722,0.0008820864022709429,0,215,0.00129598107395924,11,False,134.63739013671875,-2,-176.0959930419922,33.5663948059082,7183.8310546875
afterms-sample-a45fc522-row-25740,empirical_sbt_positive_control,224722,0.00017719247261993587,0,216,0.000460963637366285,11,False,134.41506958007812,-2,-177.4769744873047,31.541561126708984,7177.6328125
afterms-sample-a45fc522-row-25740,empirical_sbt_positive_control,224522,0.0002475949877407402,0,217,0.0016827106744148328,22,False,130.695556640625,-2,-174.9510040283203,33.87714385986328,7071.58349609375
afterms-sample-a45fc522-row-25740,empirical_sbt_positive_control,224522,0.0014351157005876303,0,218,0.0018778290282710976,11,False,131.055908203125,-2,-174.96046447753906,33.775699615478516,7077.17333984375
afterms-sample-a45fc522-row-25740,empirical_sbt_positive_control,224622,0.00021787082368973643,0,219,0.00972558956556497,22,False,131.2733154296875,-2,-174.28236389160156,34.99229049682617,7122.7568359375
afterms-sample-a45fc522-row-25740,empirical_sbt_positive_control,224622,0.0010280068963766098,0,220,0.0014516951629458602,11,False,133.98988342285156,-2,-173.4622802734375,36.29938507080078,7162.064453125
afterms-sample-a45fc522-row-25740,empirical_sbt_positive_control,224622,0.0013882623752579093,0,221,0.0018292274910347648,11,False,132.64976501464844,-2,-174.48919677734375,42.527549743652344,7122.365234375
afterms-sample-a45fc522-row-25740,empirical_sbt_positive_control,224622,2.558900007443299e-07,0,222,1.6173573675778925e-05,11,False,132.0324249267578,-2,-175.36293029785156,33.26177215576172,7106.25244140625
afterms-sample-a45fc522-row-25740,empirical_sbt_positive_control,224622,0.007091193459928036,0,223,0.007584999333148133,11,False,132.0324249267578,-2,-175.2510223388672,32.59940719604492,7108.109375
afterms-sample-a45fc522-row-25740,empirical_sbt_positive_control,224522,0.001095645478926599,0,224,0.0015232158273288906,11,False,130.39161682128906,-2,-174.76463317871094,34.322139739990234,7057.119140625
afterms-sample-a45fc522-row-25740,empirical_sbt_positive_control,224522,0.0006372854695655406,0,225,0.0016988364065366713,22,False,130.38392639160156,-2,-174.8851776123047,34.07059097290039,7062.15087890625
afterms-sample-a45fc522-row-25740,empirical_sbt_positive_control,224522,0.0010615509236231446,0,226,0.001487209843088005,11,False,130.7382049560547,-2,-175.03506469726562,33.819671630859375,7067.50341796875
afterms-sample-a45fc522-row-25740,empirical_sbt_positive_control,224522,0.005654436536133289,0,227,0.009177688311731588,11,False,130.3824462890625,-2,-174.96580505371094,34.26155090332031,7058.2001953125
afterms-sample-a45fc522-row-25740,empirical_sbt_positive_control,224522,0.0030264677479863167,0,228,0.003500364414593409,11,False,130.3893280029297,-2,-175.12367248535156,34.714111328125,7057.38427734375
afterms-sample-a45fc522-row-25740,empirical_sbt_positive_control,224522,0.0016882454510778189,0,229,0.002139054918767093,11,False,130.28367614746094,-2,-174.45899963378906,34.43314743041992,7054.0205078125
afterms-sample-a45fc522-row-25740,empirical_sbt_positive_control,224522,0.003933460917323828,0,230,0.004414986061288902,11,False,130.071533203125,-2,-174.36941528320312,34.16879653930664,7048.314453125
afterms-sample-a45fc522-row-25740,empirical_sbt_positive_control,224522,0.0012693395838141441,0,231,0.001705428124277295,11,False,129.98580932617188,-2,-174.26144409179688,34.60063552856445,7045.00830078125
afterms-sample-a45fc522-row-25740,empirical_sbt_positive_control,224522,0.0016785388579592109,0,232,0.0021290738554799373,11,False,128.98690795898438,-2,-173.5719757080078,34.44145584106445,7015.11865234375
afterms-sample-a45fc522-row-25740,empirical_sbt_positive_control,224522,0.0024804724380373955,0,233,0.0029475042220554154,11,False,128.58584594726562,-2,-173.1481475830078,34.28977966308594,7003.1748046875
afterms-sample-a45fc522-row-25740,empirical_sbt_positive_control,224422,0.0033544874750077724,0,234,0.0038315618296932523,11,False,128.365966796875,-2,-173.3322296142578,34.71806335449219,6996.8623046875
afterms-sample-a45fc522-row-25740,empirical_sbt_positive_control,224422,0.001925053889863193,0,235,0.0023818550083186665,11,False,128.06689453125,-2,-172.4556884765625,34.42936706542969,6987.69482421875
afterms-sample-a45fc522-row-25740,empirical_sbt_positive_control,224422,0.007720599416643381,0,236,0.00821572219290468,11,False,127.03838348388672,-2,-172.25099182128906,34.33147048950195,6958.4169921875
afterms-sample-a45fc522-row-25740,empirical_sbt_positive_control,224422,0.0012186617823317647,0,237,0.001652454604687116,11,False,126.89722442626953,-2,-171.5640869140625,33.9841423034668,6952.44921875
afterms-sample-a45fc522-row-25740,empirical_sbt_positive_control,224422,0.0019278571708127856,0,238,0.002384722050283366,11,False,126.76258087158203,-2,-171.35264587402344,33.88251495361328,6948.5947265625
afterms-sample-a45fc522-row-25740,empirical_sbt_positive_control,224422,0.0013052963186055422,0,239,0.0017429310802602304,11,False,126.58781433105469,-2,-171.4108123779297,33.99467086791992,6943.19970703125
afterms-sample-a45fc522-row-25740,empirical_sbt_positive_control,224422,0.002702816156670451,0,240,0.003172930353887502,11,False,126.47681427001953,-2,-171.64230346679688,33.915069580078125,6940.15771484375
afterms-sample-a45fc522-row-25740,empirical_sbt_positive_control,224422,0.025560367852449417,0,241,0.03110874758207147,11,False,126.33607482910156,-2,-171.73228454589844,33.65538787841797,6942.60546875
afterms-sample-a45fc522-row-25740,empirical_sbt_positive_control,224422,0.0022863943595439196,0,242,0.0027503252752836185,11,False,126.73572540283203,-2,-172.78819274902344,34.152122497558594,6947.68212890625
afterms-sample-a45fc522-row-25740,empirical_sbt_positive_control,224422,0.0006555627915076911,0,243,0.0016967611078361484,22,False,126.71118927001953,-2,-172.5585174560547,33.980987548828125,6948.13134765625
afterms-sample-a45fc522-row-25740,empirical_sbt_positive_control,224422,0.0005339347408153117,0,244,0.0009114639041711947,11,False,126.81041717529297,-2,-172.53797912597656,34.122379302978516,6949.5947265625
afterms-sample-a45fc522-row-25740,empirical_sbt_positive_control,224422,0.0005072635249234736,0,245,0.000880760203724659,11,False,126.80065155029297,-2,-172.41226196289062,34.11617660522461,6949.33056640625
afterms-sample-a45fc522-row-25740,empirical_sbt_positive_control,224422,0.0005748823750764132,0,246,0.001058421116300472,22,False,126.61741638183594,-2,-172.0522918701172,33.94784164428711,6944.38525390625
afterms-sample-a45fc522-row-25740,empirical_sbt_positive_control,224422,0.00048353878082707524,0,247,0.0008532205832140825,11,False,126.65145874023438,-2,-171.94247436523438,34.024261474609375,6944.8779296875
afterms-sample-a45fc522-row-25740,empirical_sbt_positive_control,224422,0.0021575058344751596,0,248,0.0026191215709425544,11,False,126.25823974609375,-2,-171.00210571289062,33.86244201660156,6933.5859375
afterms-sample-a45fc522-row-25740,empirical_sbt_positive_control,224422,0.0011831143638119102,0,249,0.0016152089133416698,11,False,126.25440979003906,-2,-171.04139709472656,33.9942741394043,6933.15771484375
afterms-sample-a45fc522-row-25740,empirical_sbt_positive_control,224422,0.004463419318199158,0,250,0.0049481025676721465,11,False,126.05006408691406,-2,-171.076904296875,33.420799255371094,6927.96435546875
afterms-sample-a45fc522-row-25740,empirical_sbt_positive_control,224422,0.002171933650970459,0,251,0.0026338198774350494,11,False,125.85193634033203,-2,-170.47927856445312,33.984031677246094,6921.2197265625
afterms-sample-a45fc522-row-25740,empirical_sbt_positive_control,224322,0.001542247598990798,0,252,0.0019886431006487662,11,False,124.2967758178711,-2,-169.30653381347656,33.56092071533203,6874.6171875
afterms-sample-a45fc522-row-25740,empirical_sbt_positive_control,224322,0.04348161444067955,0,253,0.05198683692915444,11,False,123.70751190185547,-2,-167.0009765625,32.397705078125,6868.92333984375
afterms-sample-a45fc522-row-25740,empirical_sbt_positive_control,224322,4.261138997208036e-08,0,254,0.0009758856764518145,1000060120,False,124.71646118164062,-2,-165.85125732421875,35.029869079589844,6886.76708984375
afterms-sample-a45fc522-row-25740,empirical_sbt_positive_control,224322,0.0018932035891339183,0,255,0.0023492701141547448,-11,False,124.71646118164062,-2,-165.72158813476562,35.00234603881836,6887.1513671875
afterms-sample-a45fc522-row-25740,empirical_sbt_positive_control,224322,0.0005109988851472735,0,256,0.0005109989006558432,22,False,125.08154296875,-2,-165.59190368652344,34.97481918334961,6887.53515625
afterms-sample-a45fc522-row-25740,empirical_sbt_positive_control,224322,0.0005109988851472735,0,257,0.0005109989006558432,22,False,125.08154296875,-2,-165.59190368652344,34.97481918334961,6887.53515625
afterms-sample-a45fc522-row-25740,empirical_sbt_positive_control,224322,0.0026196639519184828,0,258,0.0030886778595017234,11,False,124.71646118164062,-2,-165.68505859375,35.051063537597656,6887.22900390625
afterms-sample-a45fc522-row-25740,empirical_sbt_positive_control,224322,0.0013927076943218708,0,259,0.0018338426550284163,11,False,124.09139251708984,-2,-167.78358459472656,33.312156677246094,6868.30859375
afterms-sample-a45fc522-row-25740,empirical_sbt_positive_control,224322,0.0010691207135096192,0,260,0.001495211707704616,11,False,123.8280029296875,-2,-168.3592529296875,33.48624038696289,6860.39599609375
afterms-sample-a45fc522-row-25740,empirical_sbt_positive_control,224322,0.001516129239462316,0,261,0.0019616648107989815,11,False,123.44882202148438,-2,-168.7790069580078,33.37407684326172,6849.1376953125
afterms-sample-a45fc522-row-25740,empirical_sbt_positive_control,224322,0.00184780010022223,0,262,0.002302783749275828,11,False,123.38092041015625,-2,-168.6127166748047,33.283721923828125,6847.271484375
afterms-sample-a45fc522-row-25740,empirical_sbt_positive_control,224322,0.0011902363039553165,0,263,0.001622677251681124,11,False,123.21515655517578,-2,-168.42430114746094,33.43618392944336,6842.08447265625
afterms-sample-a45fc522-row-25740,empirical_sbt_positive_control,224322,0.005179763305932283,0,264,0.005667773365059896,11,False,123.11093139648438,-2,-167.5785675048828,33.5998649597168,6839.81494140625
afterms-sample-a45fc522-row-25740,empirical_sbt_positive_control,224222,0.006859899032860994,0,265,0.007353163595800485,11,False,121.35851287841797,-2,-166.33016967773438,32.87562561035156,6788.01123046875
afterms-sample-a45fc522-row-25740,empirical_sbt_positive_control,224222,0.002324951346963644,0,266,0.002789533008996401,11,False,120.99185943603516,-2,-166.50086975097656,33.00746154785156,6775.68408203125
afterms-sample-a45fc522-row-25740,empirical_sbt_positive_control,224122,0.0010678963735699654,0,267,0.0014939178005726206,11,False,119.86294555664062,-2,-165.6851806640625,32.771034240722656,6741.619140625
afterms-sample-a45fc522-row-25740,empirical_sbt_positive_control,224122,0.0018885829485952854,0,268,0.002344541182487337,11,False,119.50588989257812,-2,-165.30613708496094,32.849063873291016,6731.13232421875
afterms-sample-a45fc522-row-25740,empirical_sbt_positive_control,224122,0.0021145055070519447,0,269,0.0025752968088260894,11,False,119.439697265625,-2,-165.50125122070312,32.87381362915039,6729.09326171875
afterms-sample-a45fc522-row-25740,empirical_sbt_positive_control,224122,0.0038945539854466915,0,270,0.004375817044963055,11,False,119.32613372802734,-2,-164.7506103515625,32.96004104614258,6726.20458984375
afterms-sample-a45fc522-row-25740,empirical_sbt_positive_control,224122,0.0011726582888513803,0,271,0.001604238780059541,11,False,118.46306610107422,-2,-164.55487060546875,32.551326751708984,6699.67333984375
afterms-sample-a45fc522-row-25740,empirical_sbt_positive_control,224122,0.0023329900577664375,0,272,0.0027977048870229324,11,False,117.7230453491211,-2,-163.90380859375,32.233829498291016,6677.82275390625
afterms-sample-a45fc522-row-25740,empirical_sbt_positive_control,224122,0.0021841663401573896,0,273,0.002646279465508793,11,False,117.59187316894531,-2,-163.61622619628906,32.60458755493164,6673.76123046875
afterms-sample-a45fc522-row-25740,empirical_sbt_positive_control,224022,0.0020342436619102955,0,274,0.0024934193742817442,11,False,117.35543060302734,-2,-163.81930541992188,32.3366813659668,6666.75
afterms-sample-a45fc522-row-25740,empirical_sbt_positive_control,224022,0.00536090275272727,0,275,0.007090338851957467,11,False,117.06655883789062,-2,-163.4661407470703,32.97358322143555,6658.6396484375
afterms-sample-a45fc522-row-25740,empirical_sbt_positive_control,224022,0.0012368274619802833,0,276,0.0016714595202547602,11,False,117.0752182006836,-2,-163.40359497070312,32.392452239990234,6658.1259765625
afterms-sample-a45fc522-row-25740,empirical_sbt_positive_control,224022,0.009374561719596386,0,277,0.009872345001121191,11,False,117.0141372680664,-2,-164.02183532714844,31.304794311523438,6657.9453125
afterms-sample-a45fc522-row-25740,empirical_sbt_positive_control,224022,0.0028384022880345583,0,278,0.003310191586243612,11,False,116.7489013671875,-2,-162.91189575195312,32.518062591552734,6648.81494140625
afterms-sample-a45fc522-row-25740,empirical_sbt_positive_control,224022,0.0017264727503061295,0,279,0.002178338662921773,11,False,116.23604583740234,-2,-162.70346069335938,32.05963134765625,6633.07080078125
afterms-sample-a45fc522-row-25740,empirical_sbt_positive_control,224022,0.011995361186563969,0,280,0.01249591596753098,11,False,115.4864273071289,-2,-163.22662353515625,32.28445053100586,6613.57568359375
afterms-sample-a45fc522-row-25740,empirical_sbt_positive_control,224022,0.004365002736449242,0,281,0.0048491513238674445,11,False,115.2990951538086,-2,-162.10520935058594,31.667020797729492,6605.21875
afterms-sample-a45fc522-row-25740,empirical_sbt_positive_control,224022,0.011982099153101444,0,282,0.012482643744526723,11,False,114.91869354248047,-2,-162.6870880126953,31.311782836914062,6596.4462890625
afterms-sample-a45fc522-row-25740,empirical_sbt_positive_control,223922,0.0010026165982708335,0,283,0.0014247498145951347,11,False,114.15038299560547,-2,-160.89134216308594,31.750980377197266,6570.42724609375
afterms-sample-a45fc522-row-25740,empirical_sbt_positive_control,223922,0.004398467019200325,0,284,0.004882800255502692,11,False,113.87493896484375,-2,-161.11741638183594,32.29420471191406,6562.8994140625
afterms-sample-a45fc522-row-25740,empirical_sbt_positive_control,223922,0.022688070312142372,0,285,0.02747370165028109,11,False,113.83621215820312,-2,-162.3578338623047,32.458099365234375,6567.45947265625
afterms-sample-a45fc522-row-25740,empirical_sbt_positive_control,223922,0.001048343488946557,0,286,0.0014732375481654651,11,False,114.31436157226562,-2,-164.05104064941406,33.23417663574219,6574.01318359375
afterms-sample-a45fc522-row-25740,empirical_sbt_positive_control,224022,0.0003338622918818146,0,287,0.0011907902748691387,22,False,114.88652038574219,-2,-168.72787475585938,33.53722381591797,6593.830078125
afterms-sample-a45fc522-row-25740,empirical_sbt_positive_control,224022,0.0008569280616939068,0,288,0.0012688988197316212,11,False,115.04689025878906,-2,-169.30409240722656,33.671897888183594,6596.15966796875
afterms-sample-a45fc522-row-25740,empirical_sbt_positive_control,223922,0.011936486698687077,0,289,0.012436992975539168,11,False,113.36603546142578,-2,-160.55726623535156,32.634178161621094,6549.93212890625
afterms-sample-a45fc522-row-25740,empirical_sbt_positive_control,223922,0.0012956664431840181,0,290,0.0017328934547642643,11,False,112.77445220947266,-2,-159.74600219726562,31.595054626464844,6529.25634765625
afterms-sample-a45fc522-row-25740,empirical_sbt_positive_control,223922,0.01209818385541439,0,291,0.01259882391370687,11,False,112.54251098632812,-2,-160.72280883789062,30.91231918334961,6525.1279296875
afterms-sample-a45fc522-row-25740,empirical_sbt_positive_control,223922,0.0017480556853115559,0,292,0.0022005016944132956,11,False,112.14434814453125,-2,-158.98277282714844,31.3575496673584,6510.42822265625
afterms-sample-a45fc522-row-25740,empirical_sbt_positive_control,223822,0.0016101872315630317,0,293,0.00205871574426958,11,False,111.98622131347656,-2,-158.98268127441406,31.31937599182129,6505.71875
afterms-sample-a45fc522-row-25740,empirical_sbt_positive_control,223822,0.014011449180543423,0,294,0.014513455363152884,11,False,110.99473571777344,-2,-156.8240509033203,31.05440330505371,6479.669921875
afterms-sample-a45fc522-row-25740,empirical_sbt_positive_control,223822,0.0016639366513118148,0,295,0.002114054150447469,11,False,110.58341979980469,-2,-157.8495635986328,31.236467361450195,6463.6875
afterms-sample-a45fc522-row-25740,empirical_sbt_positive_control,223822,0.005249280948191881,0,296,0.005737569769661745,11,False,110.4896011352539,-2,-158.7182159423828,30.635841369628906,6461.607421875
afterms-sample-a45fc522-row-25740,empirical_sbt_positive_control,223822,0.001207119901664555,0,297,0.0016403696232707198,11,False,110.39665222167969,-2,-157.76283264160156,31.161327362060547,6457.9873046875
afterms-sample-a45fc522-row-25740,empirical_sbt_positive_control,223822,0.09934629499912262,0,298,0.36790012240019004,11,False,109.98970031738281,65,-156.09727478027344,31.727872848510742,6476.85498046875
afterms-sample-a45fc522-row-25740,empirical_sbt_positive_control,223922,0.08637349307537079,0,299,0.11108017081098472,11,False,112.12049865722656,65,-157.33663940429688,29.380294799804688,6533.69091796875
afterms-sample-a45fc522-row-25740,empirical_sbt_positive_control,223922,0.0025909673422574997,0,300,0.0030595872074399774,11,False,113.47945404052734,-2,-154.84432983398438,26.388948440551758,6549.919921875
afterms-sample-a45fc522-row-25740,empirical_sbt_positive_control,224022,1.361000023791803e-08,0,301,0.00302680463760196,22,False,114.94511413574219,-2,-163.62594604492188,10.494319915771484,6602.27001953125
afterms-sample-a45fc522-row-25740,empirical_sbt_positive_control,224022,0.0017780116759240627,0,302,0.002231244024121247,11,False,115.277099609375,-2,-157.83143615722656,10.550887107849121,6601.220703125
afterms-sample-a45fc522-row-25740,empirical_sbt_positive_control,223922,0.0012698036152869463,0,303,0.001705912642698248,11,False,113.13880920410156,-2,-155.024658203125,29.17823028564453,6539.83349609375
afterms-sample-a45fc522-row-25740,empirical_sbt_positive_control,223922,0.0005786605179309845,0,304,0.0015013674031281456,22,False,113.09088897705078,-2,-155.44952392578125,27.929670333862305,6544.58984375
afterms-sample-a45fc522-row-25740,empirical_sbt_positive_control,223922,0.0009227068512700498,0,305,0.0013395492835491705,11,False,113.52182006835938,-2,-156.0678253173828,26.324169158935547,6550.81591796875
afterms-sample-a45fc522-row-25740,empirical_sbt_positive_control,223922,0.005008680280297995,0,306,0.0054959748632745905,11,False,112.80155944824219,-2,-154.14723205566406,30.594873428344727,6530.8427734375
afterms-sample-a45fc522-row-25740,empirical_sbt_positive_control,223922,0.0033769106958061457,0,307,0.003854182238201686,11,False,112.56169891357422,-2,-153.63162231445312,31.571754455566406,6523.1669921875
afterms-sample-a45fc522-row-25740,empirical_sbt_positive_control,223922,3.511999935312815e-08,0,308,0.0010892038823535838,22,False,112.32626342773438,-2,-151.25616455078125,35.48468017578125,6533.5556640625
afterms-sample-a45fc522-row-25740,empirical_sbt_positive_control,223922,2.558900007443299e-07,0,309,1.6173574267843645e-05,11,False,112.40170288085938,-2,-154.4104461669922,32.09719467163086,6517.91552734375
afterms-sample-a45fc522-row-25740,empirical_sbt_positive_control,223922,8.205632911995053e-05,0,310,0.00030098941620642673,11,False,112.40170288085938,-2,-154.4104461669922,32.09719467163086,6517.91552734375
afterms-sample-a45fc522-row-25740,empirical_sbt_positive_control,223922,0.0003026018966920674,0,311,0.011993445525061172,22,False,112.12056732177734,-2,-153.38453674316406,31.45248794555664,6531.57763671875
afterms-sample-a45fc522-row-25740,empirical_sbt_positive_control,223922,2.558900007443299e-07,0,312,1.6173574026432174e-05,11,False,113.6077880859375,-2,-152.02032470703125,30.531051635742188,6553.65478515625
afterms-sample-a45fc522-row-25740,empirical_sbt_positive_control,223922,0.0016587270656600595,0,313,0.002108694178985194,11,False,113.6077880859375,-2,-151.8683319091797,30.444171905517578,6553.78076171875
afterms-sample-a45fc522-row-25740,empirical_sbt_positive_control,223922,0.010031861253082752,0,314,0.010530468786290468,11,False,113.55928039550781,-2,-152.47169494628906,31.954532623291016,6554.81298828125
afterms-sample-a45fc522-row-25740,empirical_sbt_positive_control,223822,0.0018292629392817616,0,315,0.002283791859592717,11,False,111.58451080322266,-2,-155.499755859375,32.4326171875,6493.640625
afterms-sample-a45fc522-row-25740,empirical_sbt_positive_control,223822,0.00044497763155959547,0,316,0.00418175369172974,22,False,111.31982421875,-2,-155.4824981689453,32.55805969238281,6490.1435546875
afterms-sample-a45fc522-row-25740,empirical_sbt_positive_control,223822,0.0037367758341133595,0,317,0.004216926874134977,11,False,111.62897491455078,-2,-155.66921997070312,32.841732025146484,6495.37646484375
afterms-sample-a45fc522-row-25740,empirical_sbt_positive_control,223822,0.007981337606906891,0,318,0.008476948074324515,11,False,110.93761444091797,-2,-155.5962371826172,32.55022048950195,6475.859375
afterms-sample-a45fc522-row-25740,empirical_sbt_positive_control,223922,0.0036554383113980293,0,319,0.004134982552559664,-11,False,112.12185668945312,-2,-152.97988891601562,31.385459899902344,6510.369140625
afterms-sample-a45fc522-row-25740,empirical_sbt_positive_control,223922,0.0005109988851472735,0,320,0.0005109989137477634,22,False,112.21397399902344,-2,-152.43756103515625,31.202329635620117,6511.23876953125
afterms-sample-a45fc522-row-25740,empirical_sbt_positive_control,223922,0.0005109988851472735,0,321,0.0005109989137477634,22,False,112.21397399902344,-2,-152.43756103515625,31.202329635620117,6511.23876953125
afterms-sample-a45fc522-row-25740,empirical_sbt_positive_control,223922,0.01489423681050539,0,322,0.015396758752804733,11,False,112.12150573730469,-2,-154.32911682128906,32.37996292114258,6513.2177734375
afterms-sample-a45fc522-row-25740,empirical_sbt_positive_control,223822,0.001919154659844935,0,323,0.0023758211634568424,11,False,110.50669860839844,-2,-156.5758514404297,31.02427101135254,6461.396484375
afterms-sample-a45fc522-row-25740,empirical_sbt_positive_control,223822,0.0025926311500370502,0,324,0.0030612740545331125,11,False,110.15799713134766,-2,-156.99375915527344,30.96772003173828,6451.23193359375
afterms-sample-a45fc522-row-25740,empirical_sbt_positive_control,223922,8.886348723535775e-08,0,325,0.00140928168606559,1000060120,False,112.35726928710938,-2,-155.80711364746094,30.87125587463379,6516.6708984375
afterms-sample-a45fc522-row-25740,empirical_sbt_positive_control,223922,0.03744218125939369,0,326,0.039237498756000556,-11,False,112.35726928710938,-2,-156.6634979248047,29.935571670532227,6527.06689453125
afterms-sample-a45fc522-row-25740,empirical_sbt_positive_control,223922,0.0005109988851472735,0,327,0.0005109989224440981,22,False,113.17999267578125,-2,-157.51988220214844,28.999889373779297,6537.462890625
afterms-sample-a45fc522-row-25740,empirical_sbt_positive_control,223922,0.0005109988851472735,0,328,0.0005109989224440981,22,False,113.17999267578125,-2,-157.51988220214844,28.999889373779297,6537.462890625
afterms-sample-a45fc522-row-25740,empirical_sbt_positive_control,223922,0.0012876455439254642,0,329,0.0017245295423403647,11,False,112.68094635009766,-2,-156.37818908691406,31.45555305480957,6526.4130859375
afterms-sample-a45fc522-row-25740,empirical_sbt_positive_control,223922,0.054905783385038376,0,330,0.05986677856584581,11,False,112.35726928710938,-2,-157.7915802001953,31.892723083496094,6533.640625
afterms-sample-a45fc522-row-25740,empirical_sbt_positive_control,223922,0.002725389553233981,0,331,0.0031957927278229953,11,False,112.7392349243164,-2,-156.88583374023438,30.650211334228516,6528.5830078125
afterms-sample-a45fc522-row-25740,empirical_sbt_positive_control,223922,0.0017267887014895678,0,332,0.002178663287834842,11,False,112.54988861083984,-2,-156.37277221679688,30.408615112304688,6522.61767578125
afterms-sample-a45fc522-row-25740,empirical_sbt_positive_control,223822,0.0010495143942534924,0,333,0.0014744768210011607,11,False,109.72822570800781,-2,-157.1801300048828,30.97089385986328,6437.91162109375
afterms-sample-a45fc522-row-25740,empirical_sbt_positive_control,223822,0.0010159501107409596,0,334,0.0014389071150651554,11,False,109.44540405273438,-2,-156.9437255859375,30.929378509521484,6429.43408203125
afterms-sample-a45fc522-row-25740,empirical_sbt_positive_control,223722,0.001407320611178875,0,335,0.0018490078002388016,11,False,109.21357727050781,-2,-156.69891357421875,30.977346420288086,6422.560546875
afterms-sample-a45fc522-row-25740,empirical_sbt_positive_control,223722,0.004821290262043476,0,336,0.005307747866386206,11,False,108.14138793945312,-2,-155.4569091796875,31.343847274780273,6391.4462890625
afterms-sample-a45fc522-row-25740,empirical_sbt_positive_control,223722,0.001220686244778335,0,337,0.0016545735088211609,11,False,107.6848373413086,-2,-155.4864501953125,30.617618560791016,6376.7275390625
afterms-sample-a45fc522-row-25740,empirical_sbt_positive_control,223722,0.0012757437070831656,0,338,0.0017121124371963104,11,False,107.59184265136719,-2,-155.258056640625,30.57903289794922,6373.88671875
afterms-sample-a45fc522-row-25740,empirical_sbt_positive_control,223722,0.0022808497305959463,0,339,0.0027446855341410168,11,False,107.3690185546875,-2,-155.02291870117188,30.836811065673828,6367.41455078125
afterms-sample-a45fc522-row-25740,empirical_sbt_positive_control,223722,0.0011564423330128193,0,340,0.0015872115692289084,11,False,106.68215942382812,-2,-154.6036834716797,30.474777221679688,6346.6357421875
afterms-sample-a45fc522-row-25740,empirical_sbt_positive_control,223622,0.0015536401188001037,0,341,0.002000403621777786,11,False,106.17146301269531,-2,-154.23191833496094,30.479480743408203,6331.47314453125
afterms-sample-a45fc522-row-25740,empirical_sbt_positive_control,223622,0.002927006222307682,0,342,0.003399817562354213,11,False,105.32937622070312,-2,-153.42250061035156,29.79085922241211,6306.48486328125
afterms-sample-a45fc522-row-25740,empirical_sbt_positive_control,223622,0.002949594985693693,0,343,0.0034226582772249135,11,False,104.53137969970703,-2,-153.20294189453125,29.804771423339844,6282.50830078125
afterms-sample-a45fc522-row-25740,empirical_sbt_positive_control,223622,0.0010164211271330714,0,344,0.0014394067786847858,11,False,104.3515625,-2,-152.5883331298828,29.999231338500977,6276.78955078125
afterms-sample-a45fc522-row-25740,empirical_sbt_positive_control,223522,0.0037633362226188183,0,345,0.006640620428160323,11,False,103.51351928710938,-2,-152.16383361816406,29.495800018310547,6252.271484375
afterms-sample-a45fc522-row-25740,empirical_sbt_positive_control,223522,0.002385917119681835,0,346,0.0028514911731523517,11,False,103.53044128417969,-2,-151.6303253173828,29.4936466217041,6252.267578125
afterms-sample-a45fc522-row-25740,empirical_sbt_positive_control,223522,0.0016603083349764347,0,347,0.00211032117876174,11,False,102.70726013183594,-2,-151.2402801513672,29.661714553833008,6227.5498046875
afterms-sample-a45fc522-row-25740,empirical_sbt_positive_control,223522,0.00110479851718992,0,348,0.0015328670112583836,11,False,102.2428970336914,-2,-150.8678436279297,29.661935806274414,6213.6025390625
afterms-sample-a45fc522-row-25740,empirical_sbt_positive_control,223522,0.0017330585978925228,0,349,0.002185102846358422,11,False,102.24089050292969,-2,-151.0085906982422,29.632476806640625,6213.63134765625
afterms-sample-a45fc522-row-25740,empirical_sbt_positive_control,223522,0.0010648202151060104,0,350,0.001490666300794494,11,False,101.93927764892578,-2,-150.62338256835938,29.580373764038086,6204.501953125
afterms-sample-a45fc522-row-25740,empirical_sbt_positive_control,223522,0.0034827489871531725,0,351,0.003960921767995058,11,False,101.93707275390625,-2,-150.45571899414062,29.640575408935547,6205.1474609375
afterms-sample-a45fc522-row-25740,empirical_sbt_positive_control,223522,0.0013827268267050385,0,352,0.0018234794108606704,11,False,101.67317962646484,-2,-150.50047302246094,29.5101261138916,6196.595703125
afterms-sample-a45fc522-row-25740,empirical_sbt_positive_control,223522,0.006766242906451225,0,353,0.007259278844748848,11,False,101.61394500732422,-2,-150.899658203125,29.19378662109375,6196.1884765625
afterms-sample-a45fc522-row-25740,empirical_sbt_positive_control,223522,0.017807483673095703,0,354,0.024849275555416366,11,False,101.38710021972656,-2,-146.96829223632812,29.28992462158203,6191.60107421875
afterms-sample-a45fc522-row-25740,empirical_sbt_positive_control,223522,0.00653604744002223,0,355,0.007028495287738656,11,False,101.39143371582031,-2,-149.99288940429688,29.761491775512695,6189.12890625
afterms-sample-a45fc522-row-25740,empirical_sbt_positive_control,223422,0.0018063783645629883,0,356,0.00226033575721287,11,False,100.04641723632812,-2,-149.12625122070312,29.439056396484375,6147.8427734375
afterms-sample-a45fc522-row-25740,empirical_sbt_positive_control,223422,0.0019151702290400863,0,357,0.0023717454977571096,11,False,98.49236297607422,-2,-147.76316833496094,29.089935302734375,6101.4208984375
afterms-sample-a45fc522-row-25740,empirical_sbt_positive_control,223322,0.0010255628731101751,0,358,0.001449103925859641,11,False,98.09313201904297,-2,-147.32212829589844,28.856599807739258,6089.24462890625
afterms-sample-a45fc522-row-25740,empirical_sbt_positive_control,223322,0.0017160528805106878,0,359,0.002167634596808151,11,False,98.06752014160156,-2,-147.49539184570312,28.76704216003418,6088.62548828125
afterms-sample-a45fc522-row-25740,empirical_sbt_positive_control,223322,0.001549956388771534,0,360,0.0019966013693934223,11,False,97.89108276367188,-2,-147.244873046875,28.82131004333496,6083.3369140625
afterms-sample-a45fc522-row-25740,empirical_sbt_positive_control,223322,0.003921440802514553,0,361,0.004402885940142626,11,False,97.58187866210938,-2,-147.32418823242188,29.338443756103516,6074.337890625
afterms-sample-a45fc522-row-25740,empirical_sbt_positive_control,223322,0.004177453927695751,0,362,0.004660522803414085,11,False,96.9253158569336,-2,-146.36669921875,28.021181106567383,6055.05322265625
afterms-sample-a45fc522-row-25740,empirical_sbt_positive_control,223322,0.0028441615868359804,0,363,0.0033160190873991603,11,False,96.85810089111328,-2,-146.46559143066406,28.46685791015625,6052.73291015625
afterms-sample-a45fc522-row-25740,empirical_sbt_positive_control,223322,0.0024714916944503784,0,364,0.0029383890599551854,11,False,95.8206558227539,-2,-145.59423828125,28.397315979003906,6021.35107421875
afterms-sample-a45fc522-row-25740,empirical_sbt_positive_control,223222,0.0021842187270522118,0,365,0.0026463331048176314,11,False,95.49456787109375,-2,-145.10809326171875,28.560256958007812,6011.64501953125
afterms-sample-a45fc522-row-25740,empirical_sbt_positive_control,223222,0.001895448425784707,0,366,0.0023515673050015225,11,False,95.44410705566406,-2,-145.19921875,28.209726333618164,6009.8232421875
afterms-sample-a45fc522-row-25740,empirical_sbt_positive_control,223222,0.0025048444513231516,0,367,0.0029722366917249287,11,False,94.83563995361328,-2,-144.6416015625,28.490280151367188,5992.04833984375
afterms-sample-a45fc522-row-25740,empirical_sbt_positive_control,223222,0.0014226813800632954,0,368,0.0018649395646713055,11,False,94.50028228759766,-2,-144.3203582763672,28.193281173706055,5981.59912109375
afterms-sample-a45fc522-row-25740,empirical_sbt_positive_control,223222,0.001122275018133223,0,369,0.0015512781521744114,11,False,94.42569732666016,-2,-144.23829650878906,28.26608657836914,5979.34765625
afterms-sample-a45fc522-row-25740,empirical_sbt_positive_control,223222,0.0016796209383755922,0,370,0.002130186769809586,11,False,94.34500122070312,-2,-144.20799255371094,28.125980377197266,5977.0244140625
afterms-sample-a45fc522-row-25740,empirical_sbt_positive_control,223222,0.0018315159250050783,0,371,0.0022861006208156932,11,False,93.56464385986328,-2,-143.5089874267578,28.22140884399414,5953.552734375
afterms-sample-a45fc522-row-25740,empirical_sbt_positive_control,223222,0.002327689668163657,0,372,0.0027923168357402517,11,False,93.37229919433594,-2,-143.58819580078125,28.18997573852539,5948.03125
afterms-sample-a45fc522-row-25740,empirical_sbt_positive_control,223222,0.09636814892292023,0,373,0.2027691128699486,11,False,93.05782318115234,66,-140.686767578125,27.613479614257812,5967.0625
afterms-sample-a45fc522-row-25740,empirical_sbt_positive_control,223222,0.0016047157114371657,0,374,0.0020530777670470647,11,False,94.87991333007812,-2,-139.15505981445312,28.570053100585938,5992.51953125
afterms-sample-a45fc522-row-25740,empirical_sbt_positive_control,223222,2.2589999204569722e-08,0,375,0.025996685792363895,22,False,94.30415344238281,-2,-140.76052856445312,35.10765075683594,5995.80517578125
afterms-sample-a45fc522-row-25740,empirical_sbt_positive_control,223322,0.00026792954304255545,0,376,0.0014364090730456577,22,False,95.87177276611328,-2,-142.48690795898438,51.85087585449219,6035.64990234375
afterms-sample-a45fc522-row-25740,empirical_sbt_positive_control,223322,2.7305000571686833e-07,0,377,1.6707215670213335e-05,11,False,97.27122497558594,-2,-145.76425170898438,61.8446159362793,6053.80029296875
afterms-sample-a45fc522-row-25740,empirical_sbt_positive_control,223322,0.0011682064505293965,0,378,0.0015995658158641755,11,False,97.27122497558594,-2,-145.79624938964844,61.896217346191406,6053.8935546875
afterms-sample-a45fc522-row-25740,empirical_sbt_positive_control,223222,0.00408361479640007,0,379,0.004566109466920242,11,False,95.02145385742188,-2,-134.62722778320312,29.52149772644043,5996.20166015625
afterms-sample-a45fc522-row-25740,empirical_sbt_positive_control,223222,0.02047663927078247,0,380,0.020981414992064053,11,False,94.5369644165039,-2,-142.1107635498047,27.08890724182129,5988.474609375
afterms-sample-a45fc522-row-25740,empirical_sbt_positive_control,223222,0.033689435571432114,0,381,0.05795501361923548,11,False,94.13320922851562,-2,-147.01644897460938,28.450345993041992,5979.18310546875
afterms-sample-a45fc522-row-25740,empirical_sbt_positive_control,223222,0.002026371657848358,0,382,0.00248538328328404,11,False,94.40270233154297,-2,-144.2786865234375,30.446510314941406,5978.73583984375
afterms-sample-a45fc522-row-25740,empirical_sbt_positive_control,223222,0.0004358384758234024,0,383,0.00749132566204808,22,False,94.34613037109375,-2,-146.43115234375,31.217208862304688,5989.85009765625
afterms-sample-a45fc522-row-25740,empirical_sbt_positive_control,223222,2.558900007443299e-07,0,384,1.617357422356487e-05,11,False,95.2374038696289,-2,-149.13145446777344,32.36110305786133,6002.8837890625
afterms-sample-a45fc522-row-25740,empirical_sbt_positive_control,223222,0.007055231370031834,0,385,0.007548954949610789,11,False,95.2374038696289,-2,-149.4503173828125,33.216880798339844,6004.51806640625
afterms-sample-a45fc522-row-25740,empirical_sbt_positive_control,223222,0.0008016915526241064,0,386,0.0014782122556551496,22,False,93.9920654296875,-2,-142.82040405273438,29.72783088684082,5973.759765625
afterms-sample-a45fc522-row-25740,empirical_sbt_positive_control,223222,0.0006765206344425678,0,387,0.0010719527852833953,11,False,94.4913101196289,-2,-142.74972534179688,30.057775497436523,5981.2353515625
afterms-sample-a45fc522-row-25740,empirical_sbt_positive_control,223322,5.7720001223060535e-08,0,388,0.009153903913622153,22,False,95.70220184326172,-2,-146.62977600097656,60.823394775390625,6057.75
afterms-sample-a45fc522-row-25740,empirical_sbt_positive_control,223422,0.00042901854612864554,0,389,0.0021766307348322954,22,False,99.23744201660156,-2,-152.64996337890625,102.70864868164062,6112.4482421875
afterms-sample-a45fc522-row-25740,empirical_sbt_positive_control,223422,0.001747612259350717,0,390,0.002200046522026079,11,False,100.39295196533203,-2,-154.22637939453125,114.28404998779297,6125.53662109375
afterms-sample-a45fc522-row-25740,empirical_sbt_positive_control,223322,0.00018210546113550663,0,391,0.00046826677603134585,11,False,98.35193634033203,-2,-148.7376708984375,73.83592987060547,6079.65478515625
afterms-sample-a45fc522-row-25740,empirical_sbt_positive_control,223322,0.0009551841067150235,0,392,0.0013742535822723985,11,False,97.22024536132812,-2,-147.35562133789062,47.13446807861328,6058.77001953125
afterms-sample-a45fc522-row-25740,empirical_sbt_positive_control,223322,0.004472612868994474,0,393,0.004957344580044811,11,False,96.46653747558594,-2,-143.14984130859375,35.308258056640625,6041.06591796875
afterms-sample-a45fc522-row-25740,empirical_sbt_positive_control,223322,0.0013673134380951524,0,394,0.00180746710709024,11,False,95.8203125,-2,-142.2615509033203,31.77141571044922,6021.15380859375
afterms-sample-a45fc522-row-25740,empirical_sbt_positive_control,223222,0.0006177969626151025,0,395,0.009176598233625021,22,False,93.6250991821289,-2,-142.50704956054688,30.389514923095703,5978.802734375
afterms-sample-a45fc522-row-25740,empirical_sbt_positive_control,223222,0.0005055043729953468,0,396,0.0008787257884228424,11,False,95.21477508544922,-2,-142.1985626220703,31.877422332763672,6002.3115234375
afterms-sample-a45fc522-row-25740,empirical_sbt_positive_control,223222,0.0031868668738752604,0,397,0.0036623887275880197,11,False,95.17404174804688,-2,-142.6733856201172,32.5584831237793,6002.01806640625
afterms-sample-a45fc522-row-25740,empirical_sbt_positive_control,223222,2.644700032305991e-07,0,398,1.644255779869585e-05,11,False,95.0575942993164,-2,-143.47042846679688,31.08493995666504,5998.1787109375
afterms-sample-a45fc522-row-25740,empirical_sbt_positive_control,223222,0.004866165574640036,0,399,0.005352829107593507,11,False,95.0575942993164,-2,-144.02488708496094,30.89254379272461,5999.11328125
afterms-sample-a45fc522-row-25740,empirical_sbt_positive_control,223122,0.003625508164986968,0,400,0.004104822924723106,11,False,92.4981689453125,-2,-142.20193481445312,27.81548500061035,5922.10693359375
afterms-sample-a45fc522-row-25740,empirical_sbt_positive_control,223122,0.002872883342206478,0,401,0.003345076933463168,11,False,91.23661804199219,-2,-141.89242553710938,27.664363861083984,5884.05712890625
afterms-sample-a45fc522-row-25740,empirical_sbt_positive_control,223122,0.0022506213281303644,0,402,0.002713931960171848,11,False,91.05171203613281,-2,-141.52671813964844,27.423358917236328,5878.4697265625
afterms-sample-a45fc522-row-25740,empirical_sbt_positive_control,223122,0.002023196779191494,0,403,0.0024821418388087726,11,False,91.03170013427734,-2,-141.601806640625,27.574546813964844,5877.93798828125
afterms-sample-a45fc522-row-25740,empirical_sbt_positive_control,223022,0.0014425854897126555,0,404,0.0018855694900408934,11,False,89.49714660644531,-2,-140.09030151367188,27.44913673400879,5831.70068359375
afterms-sample-a45fc522-row-25740,empirical_sbt_positive_control,223022,0.0012056984705850482,0,405,0.0016388806113172393,11,False,89.463623046875,-2,-140.02658081054688,27.355871200561523,5830.69970703125
afterms-sample-a45fc522-row-25740,empirical_sbt_positive_control,223022,0.002513311803340912,0,406,0.0029808279842778495,11,False,89.01834869384766,-2,-140.00588989257812,27.574644088745117,5817.5751953125
afterms-sample-a45fc522-row-25740,empirical_sbt_positive_control,223022,0.006274815183132887,0,407,0.006766546774860671,11,False,88.79410552978516,-2,-139.9542236328125,26.83189582824707,5811.87939453125
afterms-sample-a45fc522-row-25740,empirical_sbt_positive_control,223022,0.001918603084050119,0,408,0.0023752569444683894,11,False,88.14897918701172,-2,-138.7938690185547,27.155603408813477,5791.455078125
afterms-sample-a45fc522-row-25740,empirical_sbt_positive_control,223022,0.002323213964700699,0,409,0.002787766671901618,11,False,88.07421875,-2,-138.66693115234375,26.8093204498291,5789.251953125
afterms-sample-a45fc522-row-25740,empirical_sbt_positive_control,223022,0.007104755379259586,0,410,0.007598591489785171,11,False,87.82120513916016,-2,-139.06312561035156,26.935382843017578,5783.0576171875
afterms-sample-a45fc522-row-25740,empirical_sbt_positive_control,223022,0.0023609332274645567,0,411,0.0028261059332542002,11,False,87.74099731445312,-2,-138.5611572265625,27.03298568725586,5779.14404296875
afterms-sample-a45fc522-row-25740,empirical_sbt_positive_control,222922,0.0032680947333574295,0,412,0.02907235922004208,11,False,87.37450408935547,-2,-138.59803771972656,26.89492416381836,5769.00146484375
afterms-sample-a45fc522-row-25740,empirical_sbt_positive_control,223022,0.017001284286379814,0,413,0.018594371490037277,11,False,87.49588012695312,-2,-141.44454956054688,26.619476318359375,5775.95068359375
afterms-sample-a45fc522-row-25740,empirical_sbt_positive_control,223022,0.0010891084093600512,0,414,0.0015163191753406488,11,False,87.61764526367188,-2,-140.08705139160156,26.816925048828125,5775.0966796875
afterms-sample-a45fc522-row-25740,empirical_sbt_positive_control,222922,0.0012396464589983225,0,415,0.0016744071490816918,11,False,86.92987060546875,-2,-138.02462768554688,26.952207565307617,5754.76416015625
afterms-sample-a45fc522-row-25740,empirical_sbt_positive_control,222922,0.0019675036892294884,0,416,0.0024252537747031723,11,False,86.91415405273438,-2,-138.0808868408203,27.01837730407715,5754.4541015625
afterms-sample-a45fc522-row-25740,empirical_sbt_positive_control,222922,0.0017852552700787783,0,417,0.0022386743843251875,11,False,86.83976745605469,-2,-137.81854248046875,26.86171531677246,5752.1318359375
afterms-sample-a45fc522-row-25740,empirical_sbt_positive_control,222922,0.005129672586917877,0,418,0.005617477424421893,11,False,86.4698257446289,-2,-136.86383056640625,26.927013397216797,5741.9970703125
afterms-sample-a45fc522-row-25740,empirical_sbt_positive_control,222922,0.00109744886867702,0,419,0.0015251177799570942,11,False,86.445068359375,-2,-137.5764923095703,26.775131225585938,5740.1904296875
afterms-sample-a45fc522-row-25740,empirical_sbt_positive_control,222922,0.002704251790419221,0,420,0.003174384553273691,11,False,85.89491271972656,-2,-136.99411010742188,26.910472869873047,5723.94580078125
afterms-sample-a45fc522-row-25740,empirical_sbt_positive_control,222822,0.0012019920395687222,0,421,0.0016349978958090248,11,False,84.18608856201172,-2,-135.74993896484375,26.412261962890625,5672.5302734375
afterms-sample-a45fc522-row-25740,empirical_sbt_positive_control,222822,0.0028612895403057337,0,422,0.0033333481342363762,11,False,84.0468521118164,-2,-135.56285095214844,26.82864761352539,5668.689453125
afterms-sample-a45fc522-row-25740,empirical_sbt_positive_control,222822,0.0036379739176481962,0,423,0.004117384610345639,11,False,83.8676528930664,-2,-135.63075256347656,26.20633316040039,5663.75927734375
afterms-sample-a45fc522-row-25740,empirical_sbt_positive_control,222822,0.0017583052394911647,0,424,0.0022110227152297495,11,False,83.6592025756836,-2,-135.3359832763672,26.358745574951172,5656.86376953125
afterms-sample-a45fc522-row-25740,empirical_sbt_positive_control,222822,0.003308670362457633,0,425,0.0037853339702242587,11,False,83.30705261230469,-2,-135.1122283935547,26.25887680053711,5646.7470703125
afterms-sample-a45fc522-row-25740,empirical_sbt_positive_control,222822,0.005367329344153404,0,426,0.0058560757887867335,11,False,83.18856811523438,-2,-135.4188690185547,26.14922332763672,5643.10400390625
afterms-sample-a45fc522-row-25740,empirical_sbt_positive_control,222722,0.0014708904782310128,0,427,0.0019148799920960147,11,False,81.92700958251953,-2,-133.75880432128906,25.922218322753906,5604.927734375
afterms-sample-a45fc522-row-25740,empirical_sbt_positive_control,222722,0.0011937454110011458,0,428,0.001626355912428221,11,False,81.3645248413086,-2,-133.29595947265625,25.946632385253906,5587.94677734375
afterms-sample-a45fc522-row-25740,empirical_sbt_positive_control,222722,0.001230226131156087,0,429,0.001664555405794495,11,False,81.24324798583984,-2,-133.17153930664062,25.917339324951172,5584.3154296875
afterms-sample-a45fc522-row-25740,empirical_sbt_positive_control,222722,0.0021127930376678705,0,430,0.002573550992301412,11,False,80.97234344482422,-2,-133.123046875,25.677581787109375,5576.4921875
afterms-sample-a45fc522-row-25740,empirical_sbt_positive_control,222722,0.0030568225774914026,0,431,0.0035310380584918886,11,False,80.8134994506836,-2,-132.58079528808594,25.922882080078125,5572.0
afterms-sample-a45fc522-row-25740,empirical_sbt_positive_control,222722,0.008218683302402496,0,432,0.008714712896190475,11,False,80.33367919921875,-2,-132.89019775390625,26.332340240478516,5559.11181640625
afterms-sample-a45fc522-row-25740,empirical_sbt_positive_control,222722,0.004969453904777765,0,433,0.005456578200935308,11,False,79.57586669921875,-2,-130.84945678710938,25.920991897583008,5534.6787109375
afterms-sample-a45fc522-row-25740,empirical_sbt_positive_control,222722,0.007567178457975388,0,434,0.008061999169949102,11,False,79.34561920166016,-2,-130.8714141845703,25.916723251342773,5528.947265625
afterms-sample-a45fc522-row-25740,empirical_sbt_positive_control,222622,0.0014064201386645436,0,435,0.0018480735277552319,11,False,78.70374298095703,-2,-131.08009338378906,25.353408813476562,5508.275390625
afterms-sample-a45fc522-row-25740,empirical_sbt_positive_control,222622,0.001961647067219019,0,436,0.002419268202465965,11,False,78.4586181640625,-2,-130.72085571289062,25.529882431030273,5501.09423828125
afterms-sample-a45fc522-row-25740,empirical_sbt_positive_control,222622,0.00945866759866476,0,437,0.009956562193167283,11,False,78.2008285522461,-2,-129.32821655273438,24.50825309753418,5494.578125
afterms-sample-a45fc522-row-25740,empirical_sbt_positive_control,222622,0.00451636640354991,0,438,0.0065356009171024364,11,False,77.54078674316406,-2,-130.403564453125,24.590042114257812,5474.00390625
afterms-sample-a45fc522-row-25740,empirical_sbt_positive_control,423701,0.0004435246519278735,0,439,0.0015281820226133727,22,False,110.3330307006836,-2,146.98789978027344,-229.3677215576172,6397.205078125
afterms-sample-a45fc522-row-25740,empirical_sbt_positive_control,423701,0.0010846573859453201,0,440,0.0015116213822356733,11,False,111.30175018310547,-2,151.0519561767578,-233.09091186523438,6410.6962890625
afterms-sample-a45fc522-row-25740,empirical_sbt_positive_control,222622,0.002688238862901926,0,441,0.0031581643474303993,11,False,77.48540496826172,-2,-130.103271484375,25.182458877563477,5472.04736328125
afterms-sample-a45fc522-row-25740,empirical_sbt_positive_control,222622,0.003207051893696189,0,442,0.003682768186947473,11,False,77.20368957519531,-2,-129.7913055419922,24.700334548950195,5463.8173828125
afterms-sample-a45fc522-row-25740,empirical_sbt_positive_control,222622,0.00207537435926497,0,443,0.0025353908865704757,11,False,76.8238525390625,-2,-129.41851806640625,25.22906494140625,5452.091796875
afterms-sample-a45fc522-row-25740,empirical_sbt_positive_control,222522,0.004387503489851952,0,444,0.004871776420711098,11,False,75.97563934326172,-2,-128.38571166992188,24.64043617248535,5426.9482421875
afterms-sample-a45fc522-row-25740,empirical_sbt_positive_control,222522,0.0015473456587642431,0,445,0.0019939063659921864,11,False,75.52742767333984,-2,-128.2752685546875,24.874530792236328,5413.12890625
afterms-sample-a45fc522-row-25740,empirical_sbt_positive_control,222522,0.001121432869695127,0,446,0.0015503913844644708,11,False,74.1829833984375,-2,-127.26652526855469,24.59435272216797,5372.73486328125
afterms-sample-a45fc522-row-25740,empirical_sbt_positive_control,222422,0.0033489586785435677,0,447,0.003825983826101873,11,False,73.20613861083984,-2,-126.53471374511719,24.26242446899414,5344.16259765625
afterms-sample-a45fc522-row-25740,empirical_sbt_positive_control,222422,0.0010235217632725835,0,448,0.0014469394904591552,11,False,72.86959075927734,-2,-126.17648315429688,24.360626220703125,5333.37109375
afterms-sample-a45fc522-row-25740,empirical_sbt_positive_control,222422,0.0023121389094740152,0,449,0.0027765063213629265,11,False,72.43819427490234,-2,-125.54127502441406,24.25358009338379,5320.7275390625
afterms-sample-a45fc522-row-25740,empirical_sbt_positive_control,222422,0.0020195774268358946,0,450,0.0024784464144386475,11,False,72.05313873291016,-2,-125.67145538330078,24.09638214111328,5309.10498046875
afterms-sample-a45fc522-row-25740,empirical_sbt_positive_control,222422,0.004083061125129461,0,451,0.004565552385279228,11,False,71.73310089111328,-2,-125.2445297241211,24.487415313720703,5300.3017578125
afterms-sample-a45fc522-row-25740,empirical_sbt_positive_control,222322,0.006759091280400753,0,452,0.007252109486787061,11,False,70.59272766113281,-2,-124.9493179321289,23.908161163330078,5266.2353515625
afterms-sample-a45fc522-row-25740,empirical_sbt_positive_control,222322,0.0018325906712561846,0,453,0.0022872019011098118,11,False,69.97528076171875,-2,-124.02885437011719,23.90889549255371,5246.7236328125
afterms-sample-a45fc522-row-25740,empirical_sbt_positive_control,222322,0.012017019093036652,0,454,0.012517592413507535,11,False,69.57758331298828,-2,-125.30084991455078,23.678709030151367,5237.20263671875
afterms-sample-a45fc522-row-25740,empirical_sbt_positive_control,222322,0.0010260568233206868,0,455,0.0014496275915737362,11,False,69.39600372314453,-2,-123.25765991210938,23.778270721435547,5229.27783203125
afterms-sample-a45fc522-row-25740,empirical_sbt_positive_control,222222,0.001919290516525507,0,456,0.002375960209663715,11,False,67.5149154663086,-2,-121.53483581542969,23.60524559020996,5172.9853515625
afterms-sample-a45fc522-row-25740,empirical_sbt_positive_control,222222,0.0014259910676628351,0,457,0.0018683711115818854,11,False,67.19808959960938,-2,-121.50890350341797,23.491052627563477,5163.52001953125
afterms-sample-a45fc522-row-25740,empirical_sbt_positive_control,222222,0.0012466396437957883,0,458,0.001681717426380898,11,False,66.84295654296875,-2,-121.21488952636719,23.379573822021484,5152.82373046875
afterms-sample-a45fc522-row-25740,empirical_sbt_positive_control,222222,0.001245558145456016,0,459,0.0016805870710632778,11,False,66.2789535522461,-2,-120.69757080078125,23.30939292907715,5135.9169921875
afterms-sample-a45fc522-row-25740,empirical_sbt_positive_control,222222,0.0031922198832035065,0,460,0.003667793585542726,11,False,66.20610809326172,-2,-120.78160095214844,23.731691360473633,5133.9189453125
afterms-sample-a45fc522-row-25740,empirical_sbt_positive_control,222222,0.004949556197971106,0,461,0.00543659307852223,11,False,66.11801147460938,-2,-120.6515121459961,22.788347244262695,5132.17578125
afterms-sample-a45fc522-row-25740,empirical_sbt_positive_control,222222,0.0010077886981889606,0,462,0.0014302433500184791,11,False,65.95283508300781,-2,-120.4503173828125,23.16573143005371,5126.09326171875
afterms-sample-a45fc522-row-25740,empirical_sbt_positive_control,222122,0.0025770373176783323,0,463,0.0030454636924321828,11,False,65.33001708984375,-2,-119.9601058959961,22.626665115356445,5107.72705078125
afterms-sample-a45fc522-row-25740,empirical_sbt_positive_control,222122,0.0018779782112687826,0,464,0.002333686269271074,11,False,65.18898010253906,-2,-119.89116668701172,23.157615661621094,5103.474609375
afterms-sample-a45fc522-row-25740,empirical_sbt_positive_control,222122,8.185530896298587e-05,0,465,0.0003005931462096511,-11,False,64.98457336425781,-2,-119.6037368774414,22.998125076293945,5097.04638671875
afterms-sample-a45fc522-row-25740,empirical_sbt_positive_control,222122,0.0005109988851472735,0,466,0.000510998924898093,22,False,65.08611297607422,-2,-119.60515594482422,22.997774124145508,5097.0498046875
afterms-sample-a45fc522-row-25740,empirical_sbt_positive_control,222122,0.0005109988851472735,0,467,0.000510998924898093,22,False,65.08611297607422,-2,-119.60515594482422,22.997774124145508,5097.0498046875
afterms-sample-a45fc522-row-25740,empirical_sbt_positive_control,222122,0.007492010947316885,0,468,0.010612930667675618,11,False,64.98457336425781,-2,-119.3939437866211,23.079208374023438,5098.9453125
afterms-sample-a45fc522-row-25740,empirical_sbt_positive_control,222122,0.0012070005759596825,0,469,0.001640244547700787,11,False,65.10709381103516,-2,-119.18486785888672,23.271465301513672,5100.68115234375
afterms-sample-a45fc522-row-25740,empirical_sbt_positive_control,222122,0.0014152147341519594,0,470,0.0018571965642541013,11,False,65.00381469726562,-2,-119.66118621826172,23.005146026611328,5097.72509765625
afterms-sample-a45fc522-row-25740,empirical_sbt_positive_control,222122,0.005251727066934109,0,471,0.005740025583514618,11,False,64.6436767578125,-2,-119.64131164550781,23.073333740234375,5088.17041015625
afterms-sample-a45fc522-row-25740,empirical_sbt_positive_control,222122,0.003123143222182989,0,472,0.0035980369787673794,11,False,63.97119140625,-2,-118.99906158447266,22.512550354003906,5067.2685546875
afterms-sample-a45fc522-row-25740,empirical_sbt_positive_control,222122,0.001207047956995666,0,473,0.0016402942796354236,11,False,63.89826202392578,-2,-118.76685333251953,22.83058738708496,5064.57177734375
afterms-sample-a45fc522-row-25740,empirical_sbt_positive_control,222122,0.0011190521763637662,0,474,0.0015478845611131909,11,False,63.3525276184082,-2,-118.2595443725586,22.739124298095703,5048.17578125
afterms-sample-a45fc522-row-25740,empirical_sbt_positive_control,222122,0.003041373798623681,0,475,0.0035154278317735942,11,False,63.14280319213867,-2,-118.38076782226562,22.28044891357422,5042.1279296875
afterms-sample-a45fc522-row-25740,empirical_sbt_positive_control,222122,0.0022459428291767836,0,476,0.00270917097954257,11,False,62.97270202636719,-2,-117.69773864746094,22.67892837524414,5036.9423828125
afterms-sample-a45fc522-row-25740,empirical_sbt_positive_control,222122,0.001267390325665474,0,477,0.0017033931427779129,11,False,62.86648941040039,-2,-117.66960906982422,22.53926658630371,5033.58203125
afterms-sample-a45fc522-row-25740,empirical_sbt_positive_control,222022,0.0036884471774101257,0,478,0.004168240193870254,11,False,62.229618072509766,-2,-117.5208511352539,21.95647430419922,5015.11474609375
afterms-sample-a45fc522-row-25740,empirical_sbt_positive_control,222022,0.0016709795454517007,0,479,0.0021212991077676144,11,False,61.97478485107422,-2,-117.18413543701172,22.35428810119629,5006.974609375
afterms-sample-a45fc522-row-25740,empirical_sbt_positive_control,222022,0.0011288310633972287,0,480,0.0015581791762141078,11,False,61.572715759277344,-2,-116.70059204101562,22.41576385498047,4994.8427734375
afterms-sample-a45fc522-row-25740,empirical_sbt_positive_control,222022,0.0011871230090036988,0,481,0.001619412970902106,11,False,61.408119201660156,-2,-116.59264373779297,22.323163986206055,4989.9130859375
afterms-sample-a45fc522-row-25740,empirical_sbt_positive_control,222022,0.0011140636634081602,0,482,0.001542630411425764,11,False,60.97822570800781,-2,-116.20793914794922,22.319868087768555,4977.02685546875
afterms-sample-a45fc522-row-25740,empirical_sbt_positive_control,222022,0.0019368929788470268,0,483,0.0023939621775158535,11,False,60.75245666503906,-2,-116.02445220947266,22.371383666992188,4970.4404296875
afterms-sample-a45fc522-row-25740,empirical_sbt_positive_control,222022,0.0013450843980535865,0,484,0.0017843557113351642,11,False,60.59969711303711,-2,-115.9738998413086,22.164264678955078,4965.79541015625
afterms-sample-a45fc522-row-25740,empirical_sbt_positive_control,221922,0.0014328889083117247,0,485,0.0018755212221223678,11,False,59.7000846862793,-2,-115.1614990234375,22.201555252075195,4938.814453125
afterms-sample-a45fc522-row-25740,empirical_sbt_positive_control,221922,0.0018413019133731723,0,486,0.0022961270036509452,11,False,59.6092643737793,-2,-115.12711334228516,22.030582427978516,4936.2353515625
afterms-sample-a45fc522-row-25740,empirical_sbt_positive_control,221922,0.0012490804074332118,0,487,0.0016842682111204625,11,False,59.16326141357422,-2,-114.76023864746094,21.937875747680664,4922.69140625
afterms-sample-a45fc522-row-25740,empirical_sbt_positive_control,221922,0.0019408116349950433,0,488,0.002397968968654802,11,False,58.787235260009766,-2,-114.10079193115234,21.949386596679688,4911.5087890625
afterms-sample-a45fc522-row-25740,empirical_sbt_positive_control,221922,0.005029014311730862,0,489,0.005516396139813107,11,False,58.717769622802734,-2,-114.557861328125,21.62643051147461,4910.103515625
afterms-sample-a45fc522-row-25740,empirical_sbt_positive_control,221922,0.0019968028645962477,0,490,0.0024551884163803057,11,False,58.61968231201172,-2,-113.9933090209961,21.80365753173828,4906.58837890625
afterms-sample-a45fc522-row-25740,empirical_sbt_positive_control,221922,0.009128757752478123,0,491,0.009626202617108563,11,False,57.47664260864258,-2,-114.17304229736328,21.533193588256836,4874.60498046875
afterms-sample-a45fc522-row-25740,empirical_sbt_positive_control,221822,0.0017786098178476095,0,492,0.0022318575225813296,11,False,57.31057357788086,-2,-113.0179672241211,21.63687515258789,4867.24755859375
afterms-sample-a45fc522-row-25740,empirical_sbt_positive_control,221822,0.0010613772319629788,0,493,0.001487026160132641,11,False,57.12967300415039,-2,-113.00352478027344,21.579612731933594,4861.6943359375
afterms-sample-a45fc522-row-25740,empirical_sbt_positive_control,221822,0.003217519260942936,0,494,0.0036933354200971748,11,False,56.933349609375,-2,-113.01896667480469,22.060016632080078,4856.2060546875
afterms-sample-a45fc522-row-25740,empirical_sbt_positive_control,221822,0.009596569463610649,0,495,0.010094642711800514,11,False,56.512603759765625,-2,-112.41710662841797,20.991445541381836,4845.68359375
afterms-sample-a45fc522-row-25740,empirical_sbt_positive_control,221822,0.0013334277318790555,0,496,0.00177222731717604,11,False,55.23540496826172,-2,-111.36046600341797,21.367177963256836,4804.9873046875
afterms-sample-a45fc522-row-25740,empirical_sbt_positive_control,221722,0.0011731762206181884,0,497,0.0016047821690247611,11,False,53.77769088745117,-2,-110.15728759765625,21.118820190429688,4761.27197265625
afterms-sample-a45fc522-row-25740,empirical_sbt_positive_control,221722,0.003078653011471033,0,498,0.0035530946962209035,11,False,53.10197448730469,-2,-109.70785522460938,21.118793487548828,4741.52783203125
afterms-sample-a45fc522-row-25740,empirical_sbt_positive_control,221722,0.003735070349648595,0,499,0.004215208580027779,11,False,52.61733627319336,-2,-109.75057983398438,21.109004974365234,4726.94677734375
afterms-sample-a45fc522-row-25740,empirical_sbt_positive_control,221622,0.0018328919541090727,0,500,0.006746993543743061,11,False,51.83198928833008,-2,-108.88445281982422,20.57318878173828,4703.4501953125
afterms-sample-a45fc522-row-25740,empirical_sbt_positive_control,221622,0.0022158559877425432,0,501,0.002678547766303226,11,False,51.80377960205078,-2,-108.23460388183594,20.56697654724121,4702.29296875
afterms-sample-a45fc522-row-25740,empirical_sbt_positive_control,221622,0.010150077752768993,0,502,0.010648823514287512,11,False,51.58438491821289,-2,-107.81414031982422,20.18661880493164,4696.9228515625
afterms-sample-a45fc522-row-25740,empirical_sbt_positive_control,221622,0.0011000288650393486,0,503,0.0015278385682618424,11,False,51.44965744018555,-2,-108.1845932006836,20.6564998626709,4691.484375
afterms-sample-a45fc522-row-25740,empirical_sbt_positive_control,221622,0.0011851132148876786,0,504,0.0016173052859688817,11,False,50.748023986816406,-2,-107.63575744628906,20.5611572265625,4670.46142578125
afterms-sample-a45fc522-row-25740,empirical_sbt_positive_control,221622,0.00204092962667346,0,505,0.0025002438613981244,11,False,50.122249603271484,-2,-107.26641845703125,20.28859519958496,4651.92138671875
afterms-sample-a45fc522-row-25740,empirical_sbt_positive_control,221622,0.004501332063227892,0,506,0.0049862150404806176,11,False,50.11310958862305,-2,-106.67984008789062,20.84828758239746,4652.37353515625
afterms-sample-a45fc522-row-25740,empirical_sbt_positive_control,221622,0.0013489798875525594,0,507,0.0017884074437760817,11,False,49.81917190551758,-2,-106.7461166381836,20.327150344848633,4642.72119140625
afterms-sample-a45fc522-row-25740,empirical_sbt_positive_control,221622,0.0032055152114480734,0,508,0.00481939175668733,11,False,49.81032943725586,-2,-106.56002044677734,20.107439041137695,4642.73779296875
afterms-sample-a45fc522-row-25740,empirical_sbt_positive_control,221622,0.0011298924218863249,0,509,0.0015592961470374757,11,False,49.84587478637695,-2,-106.49942016601562,19.91159439086914,4643.20458984375
afterms-sample-a45fc522-row-25740,empirical_sbt_positive_control,221622,0.007978984154760838,0,510,0.008474591003028109,11,False,49.55256652832031,-2,-107.21305847167969,20.86988067626953,4636.455078125
afterms-sample-a45fc522-row-25740,empirical_sbt_positive_control,221622,0.023183975368738174,0,511,0.033063917736203124,11,False,49.34247589111328,-2,-106.37667846679688,18.220552444458008,4633.90673828125
afterms-sample-a45fc522-row-25740,empirical_sbt_positive_control,221622,0.0034362098667770624,0,512,0.003913992462165535,11,False,49.686859130859375,-2,-106.44110870361328,18.043134689331055,4638.74267578125
afterms-sample-a45fc522-row-25740,empirical_sbt_positive_control,221622,0.0032056726049631834,0,513,0.0036813755520465085,11,False,49.50804138183594,-2,-105.7518539428711,19.829496383666992,4633.703125
afterms-sample-a45fc522-row-25740,empirical_sbt_positive_control,221622,0.0027310089208185673,0,514,0.003201483094771928,11,False,49.37763977050781,-2,-106.28260040283203,20.416513442993164,4629.9052734375
afterms-sample-a45fc522-row-25740,empirical_sbt_positive_control,221622,0.002021619351580739,0,515,0.002480531177185722,11,False,49.33493423461914,-2,-106.44147491455078,20.376827239990234,4628.44775390625
afterms-sample-a45fc522-row-25740,empirical_sbt_positive_control,221522,0.001603070879355073,0,516,0.002051382764138121,11,False,48.962467193603516,-2,-106.06285095214844,20.28120231628418,4617.09423828125
afterms-sample-a45fc522-row-25740,empirical_sbt_positive_control,221522,0.0014318865723907948,0,517,0.00187448236940089,11,False,47.701534271240234,-2,-104.96782684326172,19.95612335205078,4579.2265625
afterms-sample-a45fc522-row-25740,empirical_sbt_positive_control,221522,0.0011734821600839496,0,518,0.0016051033438075444,11,False,47.42566680908203,-2,-104.83220672607422,20.024307250976562,4570.93701171875
afterms-sample-a45fc522-row-25740,empirical_sbt_positive_control,221522,0.0015687098493799567,0,519,0.0020159535798390076,11,False,47.17758560180664,-2,-104.70228576660156,19.826509475708008,4563.59912109375
afterms-sample-a45fc522-row-25740,empirical_sbt_positive_control,221422,0.0014677278231829405,0,520,0.0019116065541317309,11,False,46.38251876831055,-2,-103.94463348388672,19.839244842529297,4539.66796875
afterms-sample-a45fc522-row-25740,empirical_sbt_positive_control,221422,0.0020719212479889393,0,521,0.002531868160928627,11,False,45.66982650756836,-2,-103.40989685058594,19.853103637695312,4518.54931640625
afterms-sample-a45fc522-row-25740,empirical_sbt_positive_control,221422,0.0012069809017702937,0,522,0.001640223976769309,11,False,45.03813552856445,-2,-102.93958282470703,19.57701873779297,4499.373046875
afterms-sample-a45fc522-row-25740,empirical_sbt_positive_control,221422,0.0049546826630830765,0,523,0.005441741972349613,11,False,44.667598724365234,-2,-102.7685317993164,19.8439884185791,4488.8984375
afterms-sample-a45fc522-row-25740,empirical_sbt_positive_control,221422,0.020764922723174095,0,524,0.03759777288774756,11,False,44.380123138427734,-2,-102.71179962158203,18.3220272064209,4485.7158203125
afterms-sample-a45fc522-row-25740,empirical_sbt_positive_control,221422,8.989999855657516e-09,0,525,0.0049529804311204935,22,False,44.67551040649414,-2,-104.67699432373047,21.041078567504883,4493.6513671875
afterms-sample-a45fc522-row-25740,empirical_sbt_positive_control,221422,0.003685028525069356,0,526,0.004164796025899141,11,False,44.90922546386719,-2,-103.98149108886719,19.10291290283203,4496.21142578125
afterms-sample-a45fc522-row-25740,empirical_sbt_positive_control,221422,8.928124017870687e-09,0,527,0.0004467002646796888,1000060120,False,45.24598693847656,-2,-105.7085952758789,17.932708740234375,4505.2041015625
afterms-sample-a45fc522-row-25740,empirical_sbt_positive_control,221422,0.006602377165108919,0,528,0.008704201694346924,-11,False,45.24598693847656,-2,-106.2146987915039,18.097997665405273,4507.2822265625
afterms-sample-a45fc522-row-25740,empirical_sbt_positive_control,221422,0.0007801300380378962,0,529,0.0011857040679873556,11,False,45.24598693847656,-2,-105.7085952758789,17.932708740234375,4505.2041015625
afterms-sample-a45fc522-row-25740,empirical_sbt_positive_control,221422,0.0013620146783068776,0,530,0.0018019599786817087,11,False,44.52679443359375,-2,-102.32111358642578,19.334331512451172,4484.0712890625
afterms-sample-a45fc522-row-25740,empirical_sbt_positive_control,221422,0.0013122690143063664,0,531,0.0017501960523625354,11,False,44.27574157714844,-2,-102.24160766601562,19.318500518798828,4476.54052734375
afterms-sample-a45fc522-row-25740,empirical_sbt_positive_control,221422,0.0013277335092425346,0,532,0.0017663003974613455,11,False,44.08411407470703,-2,-102.03104400634766,19.307538986206055,4470.82080078125
afterms-sample-a45fc522-row-25740,empirical_sbt_positive_control,221422,0.0014358083717525005,0,533,0.0018785469501435112,11,False,43.957862854003906,-2,-101.86995697021484,19.365873336791992,4467.0380859375
afterms-sample-a45fc522-row-25740,empirical_sbt_positive_control,221422,0.0011373525485396385,0,534,0.0015671446728342975,11,False,43.856056213378906,-2,-101.85140991210938,19.298389434814453,4463.927734375
afterms-sample-a45fc522-row-25740,empirical_sbt_positive_control,221322,0.0013536774786189198,0,535,0.0017932926088658834,11,False,43.51164627075195,-2,-101.65972900390625,19.26226806640625,4453.65869140625
afterms-sample-a45fc522-row-25740,empirical_sbt_positive_control,221322,0.010199992917478085,0,536,0.01641215046559202,11,False,43.458438873291016,-2,-103.34159088134766,18.141056060791016,4454.5
afterms-sample-a45fc522-row-25740,empirical_sbt_positive_control,221322,0.029241550713777542,0,537,0.22095441694287973,11,False,43.06904983520508,67,-101.3340835571289,19.9196720123291,4449.150390625
afterms-sample-a45fc522-row-25740,empirical_sbt_positive_control,221422,0.09877856075763702,0,538,0.1749058386481833,11,False,43.712371826171875,67,-94.07716369628906,26.108789443969727,4487.228515625
afterms-sample-a45fc522-row-25740,empirical_sbt_positive_control,422402,4.4109999208785666e-08,0,539,0.004689688516546943,22,False,75.54740905761719,-2,-111.34432983398438,153.19886779785156,5330.14453125
afterms-sample-a45fc522-row-25740,empirical_sbt_positive_control,422402,2.644599987888796e-07,0,540,1.644224699723323e-05,11,False,76.14830780029297,-2,-115.8181381225586,155.21206665039062,5324.9873046875
afterms-sample-a45fc522-row-25740,empirical_sbt_positive_control,422402,0.0010432222625240684,0,541,0.0014678158931757121,11,False,76.14830780029297,-2,-115.84595489501953,155.2418212890625,5325.02099609375
afterms-sample-a45fc522-row-25740,empirical_sbt_positive_control,422402,0.001333630527369678,0,542,0.0017724383849494437,11,False,75.85993194580078,-2,-114.72685241699219,153.05963134765625,5316.74951171875
afterms-sample-a45fc522-row-25740,empirical_sbt_positive_control,221911,0.014456597156822681,0,543,0.014958871474193178,-11,False,59.02537536621094,-2,100.41077423095703,54.20272445678711,4872.62841796875
afterms-sample-a45fc522-row-25740,empirical_sbt_positive_control,221911,0.0005109988851472735,0,544,0.0005109988875315055,22,False,59.33101272583008,-2,102.4482421875,55.63885498046875,4875.7568359375
afterms-sample-a45fc522-row-25740,empirical_sbt_positive_control,221911,0.0005109988851472735,0,545,0.0005109988875315055,22,False,59.33101272583008,-2,102.4482421875,55.63885498046875,4875.7568359375
afterms-sample-a45fc522-row-25740,empirical_sbt_positive_control,221911,0.001218481920659542,0,546,0.001652266350050433,11,False,59.03216552734375,-2,98.2137222290039,53.02128982543945,4869.54833984375
afterms-sample-a45fc522-row-25740,empirical_sbt_positive_control,221911,0.000593040429521352,0,547,0.0022479183768927204,22,False,59.21453094482422,-2,98.47845458984375,75.36260223388672,4875.85986328125
afterms-sample-a45fc522-row-25740,empirical_sbt_positive_control,221911,0.0016548779094591737,0,548,0.002104733292747806,11,False,59.333499908447266,-2,99.38396453857422,75.50552368164062,4877.60498046875
afterms-sample-a45fc522-row-25740,empirical_sbt_positive_control,221422,0.0030791687313467264,0,549,0.003553615575424771,11,False,45.199764251708984,-2,-90.80781555175781,28.36420440673828,4502.78857421875
afterms-sample-a45fc522-row-25740,empirical_sbt_positive_control,221422,0.0027566528879106045,0,550,0.0032274492584253877,11,False,45.15167999267578,-2,-91.37881469726562,28.508968353271484,4501.1298828125
afterms-sample-a45fc522-row-25740,empirical_sbt_positive_control,221422,0.001095362938940525,0,551,0.0015229176906501676,11,False,45.13890075683594,-2,-91.65007781982422,27.90252113342285,4500.55859375
afterms-sample-a45fc522-row-25740,empirical_sbt_positive_control,221422,1.0155002172496097e-07,0,552,0.0015065242551728368,1000060120,False,45.58494567871094,-2,-88.27648162841797,30.84139633178711,4513.11669921875
afterms-sample-a45fc522-row-25740,empirical_sbt_positive_control,221422,0.003181596752256155,0,553,0.003657067500299161,-11,False,45.58494567871094,-2,-87.86205291748047,31.211406707763672,4513.21435546875
afterms-sample-a45fc522-row-25740,empirical_sbt_positive_control,221422,0.0005109988851472735,0,554,0.0005109989029070211,22,False,45.67889404296875,-2,-87.44762420654297,31.581417083740234,4513.3115234375
afterms-sample-a45fc522-row-25740,empirical_sbt_positive_control,221422,0.0005109988851472735,0,555,0.0005109989029070211,22,False,45.67889404296875,-2,-87.44762420654297,31.581417083740234,4513.3115234375
afterms-sample-a45fc522-row-25740,empirical_sbt_positive_control,221422,0.0015808496391400695,0,556,0.002028474939374664,11,False,45.58494567871094,-2,-88.16458892822266,30.86029815673828,4513.27783203125
afterms-sample-a45fc522-row-25740,empirical_sbt_positive_control,221422,0.00031285360455513,0,557,0.0013358365507175484,22,False,44.14638137817383,-2,-97.88008117675781,23.058486938476562,4477.21826171875
afterms-sample-a45fc522-row-25740,empirical_sbt_positive_control,221422,0.0010229829931631684,0,558,0.0014463680168884001,11,False,44.491065979003906,-2,-96.83997344970703,23.73421287536621,4482.28564453125
afterms-sample-a45fc522-row-25740,empirical_sbt_positive_control,221422,0.0019097909098491073,0,559,0.0023662425977501495,11,False,44.01384735107422,-2,-99.89112854003906,22.052125930786133,4468.63427734375
afterms-sample-a45fc522-row-25740,empirical_sbt_positive_control,221422,0.00647082319483161,0,560,0.006963096949774436,11,False,43.933284759521484,-2,-99.97459411621094,21.9925537109375,4467.40966796875
afterms-sample-a45fc522-row-25740,empirical_sbt_positive_control,221422,0.0003759375831577927,0,561,0.0012328073297057656,22,False,43.712371826171875,-2,-96.4028091430664,23.437822341918945,4481.6123046875
afterms-sample-a45fc522-row-25740,empirical_sbt_positive_control,221422,2.644700032305991e-07,0,562,1.6442557662179966e-05,11,False,45.24190902709961,-2,-91.54008483886719,26.033231735229492,4503.724609375
afterms-sample-a45fc522-row-25740,empirical_sbt_positive_control,221422,0.0007614013156853616,0,563,0.001165282147402387,11,False,45.24190902709961,-2,-91.54008483886719,26.033231735229492,4503.724609375
afterms-sample-a45fc522-row-25740,empirical_sbt_positive_control,221422,2.558900007443299e-07,0,564,1.617357403979014e-05,11,False,44.88139343261719,-2,-95.87721252441406,25.022348403930664,4493.87646484375
afterms-sample-a45fc522-row-25740,empirical_sbt_positive_control,221422,9.494812547927722e-05,0,565,0.00032565615197603165,11,False,44.88139343261719,-2,-95.87721252441406,25.022348403930664,4493.87646484375
afterms-sample-a45fc522-row-25740,empirical_sbt_positive_control,221422,0.0003260713710915297,0,566,0.00791724898040002,22,False,43.71235656738281,-2,-100.19242858886719,21.88103675842285,4467.697265625
afterms-sample-a45fc522-row-25740,empirical_sbt_positive_control,221422,0.006272392813116312,0,567,0.00808604657226432,11,False,44.268253326416016,-2,-99.38230895996094,23.150287628173828,4477.55029296875
afterms-sample-a45fc522-row-25740,empirical_sbt_positive_control,221422,0.0013187846634536982,0,568,0.0017569826866920273,11,False,44.298973083496094,-2,-98.8853530883789,22.982200622558594,4476.87060546875
afterms-sample-a45fc522-row-25740,empirical_sbt_positive_control,221322,0.0012495440896600485,0,569,0.0016847527206581261,11,False,43.23130798339844,-2,-101.3836669921875,19.59126091003418,4445.2255859375
afterms-sample-a45fc522-row-25740,empirical_sbt_positive_control,221322,0.0010680907871574163,0,570,0.0014941232953100284,11,False,41.36074447631836,-2,-99.73564910888672,18.89668846130371,4389.14794921875
afterms-sample-a45fc522-row-25740,empirical_sbt_positive_control,221322,0.007464848458766937,0,571,0.008971524796017235,11,False,41.215030670166016,-2,-97.8218994140625,19.06781005859375,4385.2646484375
afterms-sample-a45fc522-row-25740,empirical_sbt_positive_control,221322,0.0010102179367095232,0,572,0.0014328226437256629,11,False,41.23686981201172,-2,-99.34828186035156,18.784326553344727,4385.3623046875
afterms-sample-a45fc522-row-25740,empirical_sbt_positive_control,221222,0.0014238633448258042,0,573,0.001866165082642764,11,False,40.218936920166016,-2,-98.89929962158203,18.75113868713379,4355.0390625
afterms-sample-a45fc522-row-25740,empirical_sbt_positive_control,221222,0.0010860905749723315,0,574,0.0015131341476716023,11,False,40.20560836791992,-2,-98.7764892578125,18.65271759033203,4354.53271484375
afterms-sample-a45fc522-row-25740,empirical_sbt_positive_control,221222,0.0021580259781330824,0,575,0.002619651526832758,11,False,40.14546585083008,-2,-98.77095031738281,18.462665557861328,4352.998046875
afterms-sample-a45fc522-row-25740,empirical_sbt_positive_control,221222,0.0037160376086831093,0,576,0.004196036132008546,11,False,39.54704666137695,-2,-98.77030181884766,18.28770637512207,4335.47119140625
afterms-sample-a45fc522-row-25740,empirical_sbt_positive_control,221222,0.0009293268667533994,0,577,0.001346632243538563,-11,False,39.26644515991211,-2,-98.01490783691406,18.53901481628418,4326.4853515625
afterms-sample-a45fc522-row-25740,empirical_sbt_positive_control,221222,0.0005109988851472735,0,578,0.000510998904921245,22,False,39.5647087097168,-2,-98.01700592041016,18.56744384765625,4326.62255859375
afterms-sample-a45fc522-row-25740,empirical_sbt_positive_control,221222,0.0005109988851472735,0,579,0.000510998904921245,22,False,39.5647087097168,-2,-98.01700592041016,18.56744384765625,4326.62255859375
afterms-sample-a45fc522-row-25740,empirical_sbt_positive_control,221222,0.02136077545583248,0,580,0.0349203439235204,11,False,39.26644515991211,-2,-98.6345443725586,18.14069938659668,4332.11572265625
afterms-sample-a45fc522-row-25740,empirical_sbt_positive_control,221222,1.7559999676564075e-08,0,581,0.013052308686650303,22,False,39.29698181152344,-2,-97.53070068359375,18.861696243286133,4351.63134765625
afterms-sample-a45fc522-row-25740,empirical_sbt_positive_control,221222,0.009683248586952686,0,582,0.010181432328159134,11,False,40.74666213989258,-2,-99.2824935913086,19.728805541992188,4373.31103515625
afterms-sample-a45fc522-row-25740,empirical_sbt_positive_control,221222,0.0010012787533923984,0,583,0.001423328418110519,11,False,38.61274719238281,-2,-97.43102264404297,18.403682708740234,4306.79541015625
afterms-sample-a45fc522-row-25740,empirical_sbt_positive_control,221122,0.0010485645616427064,0,584,0.0014734715658439295,11,False,38.09914779663086,-2,-97.0698471069336,18.29685401916504,4291.40478515625
afterms-sample-a45fc522-row-25740,empirical_sbt_positive_control,221122,0.012531096115708351,0,585,0.060019655650462786,-11,False,37.903934478759766,-2,-96.88700103759766,18.299013137817383,4289.7587890625
afterms-sample-a45fc522-row-25740,empirical_sbt_positive_control,221222,0.02240239456295967,0,586,0.030512827512600763,-11,False,38.23728942871094,-2,-98.76812744140625,19.407400131225586,4301.77978515625
afterms-sample-a45fc522-row-25740,empirical_sbt_positive_control,221222,0.00029265962075442076,0,587,0.0010797323339377743,22,False,38.47418212890625,-2,-98.74810028076172,21.023523330688477,4306.58544921875
afterms-sample-a45fc522-row-25740,empirical_sbt_positive_control,221222,2.7305000571686833e-07,0,588,1.6707215447018432e-05,11,False,38.772254943847656,-2,-99.36925506591797,21.83711051940918,4310.9345703125
afterms-sample-a45fc522-row-25740,empirical_sbt_positive_control,221222,0.000786799646448344,0,589,0.0011929631977182218,11,False,38.772254943847656,-2,-99.36925506591797,21.83711051940918,4310.9345703125
afterms-sample-a45fc522-row-25740,empirical_sbt_positive_control,221222,0.0003454111865721643,0,590,0.00235821800918506,22,False,38.23726272583008,-2,-96.32076263427734,19.591779708862305,4323.2861328125
afterms-sample-a45fc522-row-25740,empirical_sbt_positive_control,221222,2.7305000571686833e-07,0,591,1.670721588318293e-05,11,False,40.092987060546875,-2,-95.76701354980469,20.774431228637695,4351.07177734375
afterms-sample-a45fc522-row-25740,empirical_sbt_positive_control,221222,0.0020125338342040777,0,592,0.0024712543015977546,11,False,40.092987060546875,-2,-95.66446685791016,20.687807083129883,4351.38037109375
afterms-sample-a45fc522-row-25740,empirical_sbt_positive_control,221222,0.00048185914056375623,0,593,0.0012530710709969018,22,False,38.237037658691406,-2,-96.59012603759766,17.873258590698242,4303.78271484375
afterms-sample-a45fc522-row-25740,empirical_sbt_positive_control,221222,0.0007712119841016829,0,594,0.0011759867847130022,11,False,38.78983688354492,-2,-96.41681671142578,17.697721481323242,4312.0654296875
afterms-sample-a45fc522-row-25740,empirical_sbt_positive_control,221122,0.01297567319124937,0,595,0.1804939786375814,11,False,37.903934478759766,68,-96.91407012939453,18.31133270263672,4289.7587890625
afterms-sample-a45fc522-row-25740,empirical_sbt_positive_control,221222,0.11113914102315903,0,596,0.14878623064749016,11,False,38.23695755004883,68,-97.3908920288086,21.689619064331055,4329.69091796875
afterms-sample-a45fc522-row-25740,empirical_sbt_positive_control,221322,1.2506734314854384e-08,0,597,0.0005286984859850047,1000060120,False,42.08308792114258,-2,-97.43721008300781,37.32072067260742,4408.22802734375
afterms-sample-a45fc522-row-25740,empirical_sbt_positive_control,221322,0.0010234566871076822,0,598,0.0014468704770117524,-11,False,42.08308792114258,-2,-97.50521850585938,37.259033203125,4408.31689453125
afterms-sample-a45fc522-row-25740,empirical_sbt_positive_control,221322,0.0005109988851472735,0,599,0.000510998917001804,22,False,42.1939697265625,-2,-97.57322692871094,37.197349548339844,4408.40576171875
afterms-sample-a45fc522-row-25740,empirical_sbt_positive_control,221322,0.0005109988851472735,0,600,0.000510998917001804,22,False,42.1939697265625,-2,-97.57322692871094,37.197349548339844,4408.40576171875
afterms-sample-a45fc522-row-25740,empirical_sbt_positive_control,221322,0.002060721395537257,0,601,0.0025204415641099202,11,False,42.08308792114258,-2,-97.25338745117188,37.34619903564453,4408.5703125
afterms-sample-a45fc522-row-25740,empirical_sbt_positive_control,221322,0.0007289183558896184,0,602,0.0023996442038539513,22,False,40.98247146606445,-2,-99.21263885498047,22.969167709350586,4377.630859375
afterms-sample-a45fc522-row-25740,empirical_sbt_positive_control,221322,0.001670725760050118,0,603,0.002121038038491983,11,False,40.991233825683594,-2,-99.25096893310547,22.880537033081055,4377.94921875
afterms-sample-a45fc522-row-25740,empirical_sbt_positive_control,221222,0.00026191046345047653,0,604,0.0025272356177404058,22,False,39.82707977294922,-2,-98.21754455566406,19.951995849609375,4345.4853515625
afterms-sample-a45fc522-row-25740,empirical_sbt_positive_control,221222,0.0022653250489383936,0,605,0.0027288928113284572,11,False,39.99195098876953,-2,-98.48773956298828,20.386760711669922,4348.1962890625
afterms-sample-a45fc522-row-25740,empirical_sbt_positive_control,221222,0.0006444728351198137,0,606,0.024727214519334646,22,False,39.294921875,-2,-96.47454833984375,17.973873138427734,4341.4921875
afterms-sample-a45fc522-row-25740,empirical_sbt_positive_control,221222,0.024082742631435394,0,607,0.02458843100387284,11,False,40.24953079223633,-2,-95.81014251708984,16.7775936126709,4363.09423828125
afterms-sample-a45fc522-row-25740,empirical_sbt_positive_control,221222,0.0005542926955968142,0,608,0.003376694204083436,22,False,38.243900299072266,-2,-97.00599670410156,18.382278442382812,4307.359375
afterms-sample-a45fc522-row-25740,empirical_sbt_positive_control,221222,2.730400012751488e-07,0,609,1.6706909562220726e-05,11,False,39.02119827270508,-2,-97.06305694580078,18.440536499023438,4319.01025390625
afterms-sample-a45fc522-row-25740,empirical_sbt_positive_control,221222,0.002822128590196371,0,610,0.0032937241732486776,11,False,39.02119827270508,-2,-97.00782012939453,18.497215270996094,4319.56640625
afterms-sample-a45fc522-row-25740,empirical_sbt_positive_control,221422,8.37023037547624e-08,0,611,0.0013677440102197228,1000060120,False,44.47803497314453,-2,-96.81275939941406,20.94314956665039,4482.58544921875
afterms-sample-a45fc522-row-25740,empirical_sbt_positive_control,221422,0.002451909938827157,0,612,0.004211982116941381,-11,False,44.47803497314453,-2,-96.98133850097656,21.13910484313965,4482.5322265625
afterms-sample-a45fc522-row-25740,empirical_sbt_positive_control,221422,0.0005109988851472735,0,613,0.000510998907800355,22,False,44.70981979370117,-2,-97.14991760253906,21.335060119628906,4482.47900390625
afterms-sample-a45fc522-row-25740,empirical_sbt_positive_control,221422,0.0005109988851472735,0,614,0.000510998907800355,22,False,44.70981979370117,-2,-97.14991760253906,21.335060119628906,4482.47900390625
afterms-sample-a45fc522-row-25740,empirical_sbt_positive_control,221422,0.0012799572432413697,0,615,0.0017165092371431996,11,False,44.48577117919922,-2,-96.83001708984375,20.968647003173828,4482.892578125
afterms-sample-a45fc522-row-25740,empirical_sbt_positive_control,221422,0.006521371193230152,0,616,0.007013780144847588,11,False,44.47803497314453,-2,-97.06049346923828,20.59777069091797,4484.306640625
afterms-sample-a45fc522-row-25740,empirical_sbt_positive_control,221122,0.001428302377462387,0,617,0.0018707671235631128,11,False,37.92186737060547,-2,-97.02775573730469,18.31342315673828,4286.1259765625
afterms-sample-a45fc522-row-25740,empirical_sbt_positive_control,221122,0.0013683527940884233,0,618,0.001808547209398141,11,False,37.575225830078125,-2,-96.60904693603516,18.1126651763916,4275.7548828125
afterms-sample-a45fc522-row-25740,empirical_sbt_positive_control,221122,0.001494992640800774,0,619,0.0019398149888943392,11,False,37.52134323120117,-2,-96.59312438964844,18.110641479492188,4274.2275390625
afterms-sample-a45fc522-row-25740,empirical_sbt_positive_control,221122,0.002770115854218602,0,620,0.0032410791426742457,11,False,37.52073287963867,-2,-96.66920471191406,17.860610961914062,4274.47265625
afterms-sample-a45fc522-row-25740,empirical_sbt_positive_control,221122,0.01784820482134819,0,621,0.018352090144875006,11,False,37.417701721191406,-2,-96.59636688232422,19.677085876464844,4275.75634765625
afterms-sample-a45fc522-row-25740,empirical_sbt_positive_control,221122,0.0017910196911543608,0,622,0.002244586807611629,11,False,36.77522277832031,-2,-95.99646759033203,17.991172790527344,4251.89697265625
afterms-sample-a45fc522-row-25740,empirical_sbt_positive_control,221122,0.0014331843703985214,0,623,0.0018758275177673833,11,False,36.7236328125,-2,-95.98536682128906,18.121740341186523,4250.27685546875
afterms-sample-a45fc522-row-25740,empirical_sbt_positive_control,221122,0.0018094999250024557,0,624,0.002263535905938358,11,False,36.484920501708984,-2,-95.556640625,17.880634307861328,4243.22021484375
afterms-sample-a45fc522-row-25740,empirical_sbt_positive_control,221122,0.016572782769799232,0,625,0.024424181245337465,11,False,35.5008659362793,-2,-96.49059295654297,17.307382583618164,4217.69384765625
afterms-sample-a45fc522-row-25740,empirical_sbt_positive_control,221122,0.0016625684220343828,0,626,0.0021126464189456834,11,False,35.65119552612305,-2,-96.45267486572266,17.54025650024414,4217.8125
afterms-sample-a45fc522-row-25740,empirical_sbt_positive_control,221122,0.0012676637852564454,0,627,0.0017036787502395943,11,False,35.50094223022461,-2,-94.91162872314453,17.888765335083008,4213.5400390625
afterms-sample-a45fc522-row-25740,empirical_sbt_positive_control,221022,0.0012524777557700872,0,628,0.0016878181333790177,11,False,35.049232482910156,-2,-94.53561401367188,17.727699279785156,4200.06787109375
afterms-sample-a45fc522-row-25740,empirical_sbt_positive_control,221022,0.0016338858986273408,0,629,0.0020831253609650854,11,False,34.83415985107422,-2,-94.37325286865234,17.850589752197266,4193.623046875
afterms-sample-a45fc522-row-25740,empirical_sbt_positive_control,221022,0.020898990333080292,0,630,0.02249955650111002,11,False,34.807594299316406,-2,-95.54024505615234,18.3004207611084,4198.64501953125
afterms-sample-a45fc522-row-25740,empirical_sbt_positive_control,221022,0.001095368410460651,0,631,0.001522923461739637,11,False,35.21535110473633,-2,-96.82575988769531,18.667705535888672,4204.32568359375
afterms-sample-a45fc522-row-25740,empirical_sbt_positive_control,221022,0.0011643179459497333,0,632,0.0015954832175096294,11,False,33.79842758178711,-2,-93.4586181640625,17.492412567138672,4162.53173828125
afterms-sample-a45fc522-row-25740,empirical_sbt_positive_control,221022,0.0029899049550294876,0,633,0.003463409956376477,11,False,33.62232208251953,-2,-93.09809875488281,17.768346786499023,4157.4609375
afterms-sample-a45fc522-row-25740,empirical_sbt_positive_control,221022,0.0012447561603039503,0,634,0.0016797488426491,11,False,33.065853118896484,-2,-92.86998748779297,17.421144485473633,4140.57080078125
afterms-sample-a45fc522-row-25740,empirical_sbt_positive_control,221022,0.0011414969339966774,0,635,0.001571503335139061,11,False,32.77048873901367,-2,-92.51764678955078,17.34514045715332,4131.732421875
afterms-sample-a45fc522-row-25740,empirical_sbt_positive_control,220922,0.0032590057235211134,0,636,0.0037352129915557276,11,False,32.252376556396484,-2,-92.62477111816406,16.981626510620117,4116.69140625
afterms-sample-a45fc522-row-25740,empirical_sbt_positive_control,220922,0.0015103437472134829,0,637,0.0019556855783256057,11,False,31.99877166748047,-2,-91.92662048339844,17.12364387512207,4108.744140625
afterms-sample-a45fc522-row-25740,empirical_sbt_positive_control,220922,0.019372638314962387,0,638,0.031418026477475346,11,False,31.60300636291504,-2,-93.12588500976562,19.636714935302734,4102.34228515625
afterms-sample-a45fc522-row-25740,empirical_sbt_positive_control,220922,0.0027980059385299683,0,639,0.0054726047260893656,11,False,32.05442810058594,-2,-94.22666931152344,22.637739181518555,4107.9375
afterms-sample-a45fc522-row-25740,empirical_sbt_positive_control,220922,0.002187405014410615,0,640,0.0026495780766696534,11,False,32.05609130859375,-2,-94.48796844482422,22.65324592590332,4108.5009765625
afterms-sample-a45fc522-row-25740,empirical_sbt_positive_control,220922,0.00044372916454449296,0,641,0.005229578253627977,22,False,31.680418014526367,-2,-92.2433853149414,19.22788429260254,4103.95458984375
afterms-sample-a45fc522-row-25740,empirical_sbt_positive_control,220922,0.004785848781466484,0,642,0.005272141530976321,11,False,32.03214645385742,-2,-93.01021575927734,20.820232391357422,4110.1171875
afterms-sample-a45fc522-row-25740,empirical_sbt_positive_control,220922,0.0012538908049464226,0,643,0.0016892944210215564,11,False,31.58397102355957,-2,-91.47203826904297,17.0956974029541,4096.19189453125
afterms-sample-a45fc522-row-25740,empirical_sbt_positive_control,220922,0.002058484358713031,0,644,0.0025181588901389976,11,False,31.131853103637695,-2,-91.17552947998047,16.717058181762695,4082.789306640625
afterms-sample-a45fc522-row-25740,empirical_sbt_positive_control,220922,0.0013605557614937425,0,645,0.0018004435837414125,11,False,31.082862854003906,-2,-91.14655303955078,17.05569076538086,4081.165771484375
afterms-sample-a45fc522-row-25740,empirical_sbt_positive_control,220922,0.0011755763553082943,0,646,0.001607300951646709,11,False,30.96898651123047,-2,-91.0064697265625,17.012990951538086,4077.744384765625
afterms-sample-a45fc522-row-25740,empirical_sbt_positive_control,220922,0.002209585392847657,0,647,0.0026721637754002696,11,False,30.03290367126465,-2,-90.55157470703125,16.67819595336914,4049.706787109375
afterms-sample-a45fc522-row-25740,empirical_sbt_positive_control,220822,0.0013040989870205522,0,648,0.0017416832300467134,11,False,29.968496322631836,-2,-90.26251983642578,16.74892234802246,4047.797119140625
afterms-sample-a45fc522-row-25740,empirical_sbt_positive_control,220822,0.0010317235719412565,0,649,0.0014556348328185848,11,False,29.57658576965332,-2,-89.87516021728516,16.696557998657227,4036.0107421875
afterms-sample-a45fc522-row-25740,empirical_sbt_positive_control,220822,0.00227101007476449,0,650,0.002734676430287243,11,False,29.530630111694336,-2,-89.67810821533203,16.665254592895508,4034.947265625
afterms-sample-a45fc522-row-25740,empirical_sbt_positive_control,220822,0.0018878477858379483,0,651,0.0023437887067284183,11,False,29.369497299194336,-2,-89.71855163574219,16.892681121826172,4029.9091796875
afterms-sample-a45fc522-row-25740,empirical_sbt_positive_control,220822,0.02983297035098076,0,652,0.0318411610647645,11,False,29.14557456970215,-2,-89.24187469482422,13.062912940979004,4030.848876953125
afterms-sample-a45fc522-row-25740,empirical_sbt_positive_control,220822,1.7559999676564075e-08,0,653,0.0015012912939182542,22,False,29.193002700805664,-2,-90.38253784179688,14.639062881469727,4036.229736328125
afterms-sample-a45fc522-row-25740,empirical_sbt_positive_control,220822,0.00014674813428428024,0,654,0.0004141392034349099,11,False,29.684629440307617,-2,-89.20587158203125,13.538397789001465,4038.9111328125
afterms-sample-a45fc522-row-25740,empirical_sbt_positive_control,220822,0.007476804777979851,0,655,0.007971442434113756,11,False,28.81090545654297,-2,-89.30657958984375,17.020723342895508,4014.879150390625
afterms-sample-a45fc522-row-25740,empirical_sbt_positive_control,220822,0.0012591094709932804,0,656,0.001694745931643684,11,False,28.80813217163086,-2,-89.20838165283203,16.685937881469727,4013.009033203125
afterms-sample-a45fc522-row-25740,empirical_sbt_positive_control,220822,0.0011301118647679687,0,657,0.00155952711437843,11,False,28.483661651611328,-2,-88.96037292480469,16.566150665283203,4003.263427734375
afterms-sample-a45fc522-row-25740,empirical_sbt_positive_control,220822,0.001973103266209364,0,658,0.0024309757366442197,11,False,28.27957534790039,-2,-88.76612091064453,16.634265899658203,3997.37548828125
afterms-sample-a45fc522-row-25740,empirical_sbt_positive_control,220822,0.0026038126088678837,0,659,0.003072609687181948,11,False,27.596372604370117,-2,-88.12777709960938,15.998763084411621,3976.9794921875
afterms-sample-a45fc522-row-25740,empirical_sbt_positive_control,220822,0.005910172127187252,0,660,0.006400805893501026,11,False,27.51938819885254,-2,-87.26103973388672,16.354862213134766,3975.523193359375
afterms-sample-a45fc522-row-25740,empirical_sbt_positive_control,220722,0.001375013031065464,0,661,0.0018154672022893214,11,False,27.231542587280273,-2,-87.88557434082031,16.19649314880371,3965.815185546875
afterms-sample-a45fc522-row-25740,empirical_sbt_positive_control,220722,0.0033965350594371557,0,662,0.003873977420505396,11,False,26.728866577148438,-2,-87.67340850830078,15.846354484558105,3951.241943359375
afterms-sample-a45fc522-row-25740,empirical_sbt_positive_control,220722,0.00841143261641264,0,663,0.008907786876594683,11,False,26.440736770629883,-2,-87.52937316894531,15.716225624084473,3943.9638671875
afterms-sample-a45fc522-row-25740,empirical_sbt_positive_control,220722,0.0062847803346812725,0,664,0.006776540269595164,11,False,25.399843215942383,-2,-86.86756134033203,16.826251983642578,3911.558837890625
afterms-sample-a45fc522-row-25740,empirical_sbt_positive_control,220722,0.003440733766183257,0,665,0.003918554803422193,11,False,25.214523315429688,-2,-86.06597900390625,15.802976608276367,3905.96630859375
afterms-sample-a45fc522-row-25740,empirical_sbt_positive_control,220722,0.0011131424689665437,0,666,0.0015416599446999772,11,False,24.846393585205078,-2,-85.90098571777344,15.884912490844727,3894.264892578125
afterms-sample-a45fc522-row-25740,empirical_sbt_positive_control,220722,0.0014601199654862285,0,667,0.0019037304421422522,11,False,24.706802368164062,-2,-85.72151184082031,15.96065616607666,3890.18017578125
afterms-sample-a45fc522-row-25740,empirical_sbt_positive_control,220722,0.0019428624073043466,0,668,0.002400065782766619,11,False,24.65882682800293,-2,-85.49407196044922,15.880154609680176,3888.7783203125
afterms-sample-a45fc522-row-25740,empirical_sbt_positive_control,220622,0.0011915871873497963,0,669,0.0016240935060775822,11,False,24.420480728149414,-2,-85.47454071044922,15.709847450256348,3881.54345703125
afterms-sample-a45fc522-row-25740,empirical_sbt_positive_control,220622,0.001638798275962472,0,670,0.0020881829976197607,11,False,24.115537643432617,-2,-85.27113342285156,15.878560066223145,3872.463623046875
afterms-sample-a45fc522-row-25740,empirical_sbt_positive_control,220622,0.0013850284740328789,0,671,0.0018258696127759896,11,False,23.66000747680664,-2,-84.73826599121094,15.6209135055542,3858.79150390625
afterms-sample-a45fc522-row-25740,empirical_sbt_positive_control,220622,0.0021373897325247526,0,672,0.002598623247125093,11,False,22.816312789916992,-2,-83.96817779541016,15.609858512878418,3833.642822265625
afterms-sample-a45fc522-row-25740,empirical_sbt_positive_control,220622,0.003015983384102583,0,673,0.003489768358003578,11,False,22.80540657043457,-2,-84.51073455810547,15.382428169250488,3833.561279296875
afterms-sample-a45fc522-row-25740,empirical_sbt_positive_control,220622,0.014742575585842133,0,674,0.015245012774993601,11,False,22.670310974121094,-2,-84.83943939208984,16.84978675842285,3832.923583984375
afterms-sample-a45fc522-row-25740,empirical_sbt_positive_control,220622,0.004355555400252342,0,675,0.004839651809026587,11,False,22.271570205688477,-2,-84.30714416503906,14.848878860473633,3817.5908203125
afterms-sample-a45fc522-row-25740,empirical_sbt_positive_control,220622,0.0016370051307603717,0,676,0.002086336939244775,11,False,22.144363403320312,-2,-83.54927825927734,15.385805130004883,3813.458251953125
afterms-sample-a45fc522-row-25740,empirical_sbt_positive_control,220622,0.0016121846856549382,0,677,0.0020607737759390297,11,False,21.860584259033203,-2,-84.58457946777344,16.030155181884766,3803.643798828125
afterms-sample-a45fc522-row-25740,empirical_sbt_positive_control,220522,0.0011850768933072686,0,678,0.0016172671750643412,11,False,21.17574119567871,-2,-82.74869537353516,15.252676010131836,3784.30908203125
afterms-sample-a45fc522-row-25740,empirical_sbt_positive_control,220522,0.0015401592245325446,0,679,0.001986486831671208,11,False,21.1522274017334,-2,-82.84952545166016,15.135851860046387,3783.62060546875
afterms-sample-a45fc522-row-25740,empirical_sbt_positive_control,220522,0.006517899688333273,0,680,0.008019335129925123,11,False,19.094345092773438,-2,-81.61749267578125,14.930076599121094,3723.197509765625
afterms-sample-a45fc522-row-25740,empirical_sbt_positive_control,220522,0.001006700680591166,0,681,0.001429087845696474,11,False,19.096059799194336,-2,-81.04602813720703,14.820501327514648,3721.91162109375
afterms-sample-a45fc522-row-25740,empirical_sbt_positive_control,220422,0.0013490193523466587,0,682,0.001788448477079507,11,False,19.02152442932129,-2,-80.86483764648438,14.812673568725586,3719.774169921875
afterms-sample-a45fc522-row-25740,empirical_sbt_positive_control,220422,0.004663066007196903,0,683,0.005148769630797601,11,False,18.59957504272461,-2,-80.74378967285156,15.003776550292969,3708.1201171875
afterms-sample-a45fc522-row-25740,empirical_sbt_positive_control,220422,0.009360222145915031,0,684,0.010886893150275509,-11,False,18.203289031982422,-2,-80.12476348876953,13.298130989074707,3696.64208984375
afterms-sample-a45fc522-row-25740,empirical_sbt_positive_control,220422,0.0005109988851472735,0,685,0.0005109989021643262,22,False,18.443967819213867,-2,-79.98818969726562,11.959589004516602,3698.1318359375
afterms-sample-a45fc522-row-25740,empirical_sbt_positive_control,220422,0.0005109988851472735,0,686,0.0005109989021643262,22,False,18.443967819213867,-2,-79.98818969726562,11.959589004516602,3698.1318359375
afterms-sample-a45fc522-row-25740,empirical_sbt_positive_control,220422,0.0010276579996570945,0,687,0.0014513252514224,11,False,18.204805374145508,-2,-80.25695037841797,14.603492736816406,3695.236572265625
afterms-sample-a45fc522-row-25740,empirical_sbt_positive_control,220422,0.0018180301412940025,0,688,0.002272280129859813,11,False,18.203289031982422,-2,-80.34257507324219,14.750560760498047,3695.37353515625
afterms-sample-a45fc522-row-25740,empirical_sbt_positive_control,220422,0.001360192196443677,0,689,0.001800065600307668,11,False,17.61124038696289,-2,-79.8447494506836,14.488137245178223,3677.495849609375
afterms-sample-a45fc522-row-25740,empirical_sbt_positive_control,220422,0.001710136653855443,0,690,0.0021615557447786393,11,False,17.36720848083496,-2,-79.579833984375,14.420392036437988,3670.343994140625
afterms-sample-a45fc522-row-25740,empirical_sbt_positive_control,220422,0.001272410387173295,0,691,0.0017086335877865423,11,False,17.266645431518555,-2,-79.40643310546875,14.425151824951172,3667.17724609375
afterms-sample-a45fc522-row-25740,empirical_sbt_positive_control,220422,0.001829106011427939,0,692,0.0022836311985024184,11,False,16.704139709472656,-2,-78.85969543457031,14.28010368347168,3650.3955078125
afterms-sample-a45fc522-row-25740,empirical_sbt_positive_control,220322,0.0011611932422965765,0,693,0.0015922018940731659,11,False,15.880354881286621,-2,-78.25965881347656,14.15752124786377,3625.624755859375
afterms-sample-a45fc522-row-25740,empirical_sbt_positive_control,220322,0.0013871283736079931,0,694,0.0018280500976358453,11,False,14.186985969543457,-2,-76.87235260009766,14.054584503173828,3574.906005859375
afterms-sample-a45fc522-row-25740,empirical_sbt_positive_control,220322,0.0018257059855386615,0,695,0.0022801469274159373,11,False,13.857734680175781,-2,-76.56655883789062,13.754430770874023,3565.244873046875
afterms-sample-a45fc522-row-25740,empirical_sbt_positive_control,220322,0.0014457410434260964,0,696,0.0018888386062300307,11,False,13.835833549499512,-2,-76.52726745605469,13.713905334472656,3564.38232421875
afterms-sample-a45fc522-row-25740,empirical_sbt_positive_control,220222,0.0010616980725899339,0,697,0.0014873654076179414,11,False,11.989663124084473,-2,-74.95794677734375,13.542102813720703,3508.98974609375
afterms-sample-a45fc522-row-25740,empirical_sbt_positive_control,220222,0.0037304218858480453,0,698,0.004210526139848298,11,False,11.103501319885254,-2,-74.05998229980469,13.91551399230957,3482.93701171875
afterms-sample-a45fc522-row-25740,empirical_sbt_positive_control,220122,0.0015237987972795963,0,699,0.001969589301130693,11,False,10.41225814819336,-2,-73.53887939453125,13.296961784362793,3461.8251953125
afterms-sample-a45fc522-row-25740,empirical_sbt_positive_control,220122,0.0012416637036949396,0,700,0.0016765161679447443,11,False,10.359182357788086,-2,-73.586181640625,13.314207077026367,3460.177001953125
afterms-sample-a45fc522-row-25740,empirical_sbt_positive_control,220122,0.0034101286437362432,0,701,0.003887688489609989,11,False,10.357805252075195,-2,-73.40840148925781,13.23299503326416,3460.537841796875
afterms-sample-a45fc522-row-25740,empirical_sbt_positive_control,220122,0.0029417136684060097,0,702,0.0034146896105682408,11,False,10.337599754333496,-2,-73.43851470947266,12.85916805267334,3459.749755859375
afterms-sample-a45fc522-row-25740,empirical_sbt_positive_control,220122,0.001534302020445466,0,703,0.0019804382987590892,11,False,10.125478744506836,-2,-73.50933074951172,13.22264575958252,3453.238037109375
afterms-sample-a45fc522-row-25740,empirical_sbt_positive_control,220122,0.0027494693640619516,0,704,0.0032201760479838863,11,False,10.109770774841309,-2,-73.08097076416016,12.896621704101562,3452.965087890625
afterms-sample-a45fc522-row-25740,empirical_sbt_positive_control,220122,0.001261435099877417,0,705,0.0016971748092705886,11,False,9.135581970214844,-2,-72.65705108642578,12.979480743408203,3423.486328125
afterms-sample-a45fc522-row-25740,empirical_sbt_positive_control,220122,0.013460739515721798,0,706,0.013962390649491814,11,False,8.829319953918457,-2,-71.86839294433594,11.402195930480957,3417.733642578125
afterms-sample-a45fc522-row-25740,empirical_sbt_positive_control,210122,0.0007285354076884687,0,707,0.009259712990276099,11,False,8.071358680725098,-2,-71.58246612548828,12.827879905700684,3391.765869140625
afterms-sample-a45fc522-row-25740,empirical_sbt_positive_control,210122,0.019207805395126343,0,708,0.020868514874419694,11,False,6.9558610916137695,-2,-69.57096862792969,12.774008750915527,3363.65283203125
afterms-sample-a45fc522-row-25740,empirical_sbt_positive_control,210122,0.0011559652630239725,0,709,0.0015867103333716995,11,False,7.290175437927246,-2,-68.82969665527344,12.322452545166016,3367.8134765625
afterms-sample-a45fc522-row-25740,empirical_sbt_positive_control,210122,0.0017923875711858273,0,710,0.0022459896083587166,11,False,6.653273582458496,-2,-70.49110412597656,12.470598220825195,3349.177734375
afterms-sample-a45fc522-row-25740,empirical_sbt_positive_control,210122,0.011183381080627441,0,711,0.013231470629402976,11,False,6.280246734619141,-2,-69.84574127197266,13.759597778320312,3340.93994140625
afterms-sample-a45fc522-row-25740,empirical_sbt_positive_control,210122,0.0015469541540369391,0,712,0.0019935021363815123,11,False,6.3432536125183105,-2,-69.80160522460938,13.097427368164062,3339.805419921875
afterms-sample-a45fc522-row-25740,empirical_sbt_positive_control,210122,0.001073684892617166,0,713,0.0015000342437617629,11,False,5.9418110847473145,-2,-69.88534545898438,12.412125587463379,3327.754638671875
afterms-sample-a45fc522-row-25740,empirical_sbt_positive_control,210122,0.0012040879810228944,0,714,0.0016371937473722948,11,False,5.912262439727783,-2,-69.8052749633789,12.344979286193848,3326.895751953125
afterms-sample-a45fc522-row-25740,empirical_sbt_positive_control,210122,0.0036910141352564096,0,715,0.00417082653585912,11,False,5.5016865730285645,-2,-69.89936065673828,12.2173433303833,3314.951416015625
afterms-sample-a45fc522-row-32029,empirical_sbt_positive_control,210111,0.07261370867490768,0,0,257.18963106215534,13,True,5.492756366729736,0,71.47040557861328,6.972221374511719,3336.82177734375
afterms-sample-a45fc522-row-32029,empirical_sbt_positive_control,220311,1.361000023791803e-08,0,1,0.0024293541701882857,22,False,15.38296127319336,-2,75.1183853149414,4.189271450042725,3623.8662109375
afterms-sample-a45fc522-row-32029,empirical_sbt_positive_control,220411,0.001464956090785563,0,2,0.0019087373426269006,11,False,16.60850715637207,-2,68.24505615234375,0.8772852420806885,3644.076904296875
afterms-sample-a45fc522-row-32029,empirical_sbt_positive_control,220311,0.0001883917284430936,0,3,0.00047752211700459316,11,False,15.62092399597168,-2,78.53850555419922,5.571781158447266,3616.68701171875
afterms-sample-a45fc522-row-32029,empirical_sbt_positive_control,220311,0.010985086672008038,0,4,0.01148472276397315,11,False,15.222517967224121,-2,77.5409164428711,7.896341323852539,3606.44482421875
afterms-sample-a45fc522-row-32029,empirical_sbt_positive_control,220311,0.0009009063942357898,0,5,0.002703010481473409,22,False,15.242010116577148,-2,76.33190155029297,8.06207275390625,3613.841064453125
afterms-sample-a45fc522-row-32029,empirical_sbt_positive_control,220311,0.0018021039431914687,0,6,0.002255953263193758,11,False,15.841595649719238,-2,72.85697937011719,8.622993469238281,3622.285400390625
afterms-sample-a45fc522-row-32029,empirical_sbt_positive_control,220211,0.0005329593550413847,0,7,0.0010578531719378712,22,False,11.382431983947754,-2,75.95926666259766,3.2234206199645996,3491.728515625
afterms-sample-a45fc522-row-32029,empirical_sbt_positive_control,220211,2.644700032305991e-07,0,8,1.644255816199459e-05,11,False,11.570124626159668,-2,75.79993438720703,1.8355213403701782,3494.170654296875
afterms-sample-a45fc522-row-32029,empirical_sbt_positive_control,220211,0.0005246293731033802,0,9,0.0009007808147120322,11,False,11.570124626159668,-2,75.79993438720703,1.8355213403701782,3494.170654296875
afterms-sample-a45fc522-row-32029,empirical_sbt_positive_control,220111,0.0015819509280845523,0,10,0.002029610622259418,11,False,9.36491870880127,-2,74.22343444824219,6.838291645050049,3429.52587890625
afterms-sample-a45fc522-row-32029,empirical_sbt_positive_control,220111,0.003321119351312518,0,11,0.0037978955861563014,11,False,9.341304779052734,-2,73.78199768066406,6.464139461517334,3428.7255859375
afterms-sample-a45fc522-row-32029,empirical_sbt_positive_control,220111,0.08641336858272552,0,12,0.44060697369941093,-11,False,8.985376358032227,71,74.18380737304688,7.914305686950684,3446.07470703125
afterms-sample-a45fc522-row-32029,empirical_sbt_positive_control,220211,0.009474835358560085,0,13,0.031895544826459774,-11,False,10.905058860778809,71,75.20532989501953,9.665446281433105,3478.456787109375
afterms-sample-a45fc522-row-32029,empirical_sbt_positive_control,220211,0.019199928268790245,0,14,0.01970430334145557,-11,False,11.120122909545898,71,74.37385559082031,14.15842056274414,3484.77783203125
afterms-sample-a45fc522-row-32029,empirical_sbt_positive_control,220211,0.0005109988851472735,0,15,0.0005109989076110575,22,False,11.546459197998047,-2,72.85977935791016,17.855266571044922,3487.9580078125
afterms-sample-a45fc522-row-32029,empirical_sbt_positive_control,220211,0.0005109988851472735,0,16,0.0005109989076110575,22,False,11.546459197998047,-2,72.85977935791016,17.855266571044922,3487.9580078125
afterms-sample-a45fc522-row-32029,empirical_sbt_positive_control,220111,1.361000023791803e-08,0,17,0.0016087328054889742,22,False,10.696537971496582,-2,74.37200164794922,9.122899055480957,3471.658447265625
afterms-sample-a45fc522-row-32029,empirical_sbt_positive_control,220111,0.00042435710201971233,0,18,0.0007834353524600132,11,False,10.769911766052246,-2,74.2846908569336,8.403647422790527,3471.48681640625
afterms-sample-a45fc522-row-32029,empirical_sbt_positive_control,220211,1.6590000484484335e-08,0,19,0.03610252578602939,22,False,10.900397300720215,-2,69.59857940673828,4.7987446784973145,3509.731201171875
afterms-sample-a45fc522-row-32029,empirical_sbt_positive_control,220321,0.0003808539768215269,0,20,0.003925071838095453,22,False,13.77231502532959,-2,63.232826232910156,-7.602252006530762,3562.719970703125
afterms-sample-a45fc522-row-32029,empirical_sbt_positive_control,220321,0.0035442179068922997,0,21,0.004022892405140819,11,False,14.159707069396973,-2,62.600711822509766,-10.201743125915527,3568.62451171875
afterms-sample-a45fc522-row-32029,empirical_sbt_positive_control,220211,0.0292457714676857,0,22,0.03268444297820008,11,False,12.435595512390137,-2,71.45062255859375,8.399807929992676,3528.713134765625
afterms-sample-a45fc522-row-32029,empirical_sbt_positive_control,220211,0.002931665163487196,0,23,0.0034045286190184302,11,False,12.812755584716797,-2,70.15875244140625,9.595157623291016,3533.22412109375
afterms-sample-a45fc522-row-32029,empirical_sbt_positive_control,220111,5.668374342349125e-06,0,24,7.632297636574606e-05,11,False,10.59108829498291,-2,72.04991912841797,7.616527557373047,3466.244140625
afterms-sample-a45fc522-row-32029,empirical_sbt_positive_control,220111,0.009890221990644932,0,25,0.010388661277178662,-11,False,10.59108829498291,-2,72.86101531982422,7.850526809692383,3468.913330078125
afterms-sample-a45fc522-row-32029,empirical_sbt_positive_control,220111,0.0005109988851472735,0,26,0.0005109989332908632,22,False,10.959025382995605,-2,73.67211151123047,8.084526062011719,3471.58251953125
afterms-sample-a45fc522-row-32029,empirical_sbt_positive_control,220111,0.0005109988851472735,0,27,0.0005109989332908632,22,False,10.959025382995605,-2,73.67211151123047,8.084526062011719,3471.58251953125
afterms-sample-a45fc522-row-32029,empirical_sbt_positive_control,220111,0.012098354287445545,0,28,0.03482988952134856,11,False,10.59108829498291,-2,72.18407440185547,8.149629592895508,3470.1220703125
afterms-sample-a45fc522-row-32029,empirical_sbt_positive_control,220211,0.0015509247314184904,0,29,0.0019976008940940496,11,False,10.914196014404297,-2,72.16889953613281,8.796273231506348,3475.639892578125
afterms-sample-a45fc522-row-32029,empirical_sbt_positive_control,220211,0.0004917883779853582,0,30,0.0010387657039481032,22,False,10.909042358398438,-2,73.5136489868164,11.112696647644043,3481.474853515625
afterms-sample-a45fc522-row-32029,empirical_sbt_positive_control,220211,0.0005469772731885314,0,31,0.000926387458650868,11,False,11.332806587219238,-2,74.45539855957031,13.05221939086914,3487.449951171875
afterms-sample-a45fc522-row-32029,empirical_sbt_positive_control,220211,0.0007296890835277736,0,32,0.004445303065101514,22,False,10.902894020080566,-2,71.21208190917969,8.014107704162598,3501.75634765625
afterms-sample-a45fc522-row-32029,empirical_sbt_positive_control,220211,2.7305000571686833e-07,0,33,1.6707215813619106e-05,11,False,12.6627197265625,-2,71.39234924316406,7.699284553527832,3528.0126953125
afterms-sample-a45fc522-row-32029,empirical_sbt_positive_control,220211,0.002928047673776746,0,34,0.0034008708279049107,11,False,12.6627197265625,-2,71.71937561035156,7.686155796051025,3528.576904296875
afterms-sample-a45fc522-row-32029,empirical_sbt_positive_control,220211,2.558900007443299e-07,0,35,1.6173573926606326e-05,11,False,11.325928688049316,-2,69.48516845703125,9.572786331176758,3488.02587890625
afterms-sample-a45fc522-row-32029,empirical_sbt_positive_control,220211,0.00078703707549721,0,36,0.0011932214812516377,11,False,11.325928688049316,-2,69.48516845703125,9.572786331176758,3488.02587890625
afterms-sample-a45fc522-row-32029,empirical_sbt_positive_control,220111,0.0022078161127865314,0,37,0.002670362273596905,11,False,10.66866397857666,-2,71.98572540283203,7.368307113647461,3468.8056640625
afterms-sample-a45fc522-row-32029,empirical_sbt_positive_control,220311,0.0008422991377301514,0,38,0.0012531144679876133,11,False,13.740036964416504,-2,68.33381652832031,8.826682090759277,3560.56689453125
afterms-sample-a45fc522-row-32029,empirical_sbt_positive_control,220311,0.042789824306964874,0,39,0.04803132489342276,-11,False,13.740036964416504,-2,67.8484878540039,5.654359817504883,3572.670166015625
afterms-sample-a45fc522-row-32029,empirical_sbt_positive_control,220311,0.0005109988851472735,0,40,0.0005109989357270022,22,False,14.740762710571289,-2,67.3631591796875,2.482037305831909,3584.7734375
afterms-sample-a45fc522-row-32029,empirical_sbt_positive_control,220311,0.0005109988851472735,0,41,0.0005109989357270022,22,False,14.740762710571289,-2,67.3631591796875,2.482037305831909,3584.7734375
afterms-sample-a45fc522-row-32029,empirical_sbt_positive_control,220311,0.0009897964773699641,0,42,0.004733220195771968,22,False,13.793185234069824,-2,68.48983001708984,8.947087287902832,3586.66650390625
afterms-sample-a45fc522-row-32029,empirical_sbt_positive_control,220311,0.0037434238474816084,0,43,0.004223623204969895,11,False,15.42815113067627,-2,68.48744201660156,8.852092742919922,3611.715576171875
afterms-sample-a45fc522-row-32029,empirical_sbt_positive_control,220311,0.08512768149375916,0,44,0.1488273239939826,11,False,13.740036964416504,73,67.0299072265625,6.996511936187744,3586.264892578125
afterms-sample-a45fc522-row-32029,empirical_sbt_positive_control,220311,0.0010220654075965285,0,45,0.001445394866928886,11,False,15.461026191711426,-2,65.75067901611328,5.036994457244873,3611.43359375
afterms-sample-a45fc522-row-32029,empirical_sbt_positive_control,220311,0.001603537006303668,0,46,0.0020518631377508425,11,False,15.264129638671875,-2,67.18730163574219,5.702365875244141,3605.96044921875
afterms-sample-a45fc522-row-32029,empirical_sbt_positive_control,220311,0.0003516754659358412,0,47,0.006460256597164638,22,False,14.504827499389648,-2,64.08879852294922,5.991583824157715,3609.28759765625
afterms-sample-a45fc522-row-32029,empirical_sbt_positive_control,220311,0.006108581554144621,0,48,0.006599827400698581,11,False,16.24544906616211,-2,61.03712844848633,3.3681254386901855,3636.37255859375
afterms-sample-a45fc522-row-32029,empirical_sbt_positive_control,220311,1.1965563828653103e-07,0,49,0.0016353197781197072,1000060120,False,14.679004669189453,-2,66.83248138427734,7.763084888458252,3588.649658203125
afterms-sample-a45fc522-row-32029,empirical_sbt_positive_control,220311,0.01621140167117119,0,50,0.01671459159888725,-11,False,14.679004669189453,-2,66.65324401855469,7.663248538970947,3593.2373046875
afterms-sample-a45fc522-row-32029,empirical_sbt_positive_control,220311,0.0005109988851472735,0,51,0.0005109989135473148,22,False,15.081223487854004,-2,66.47400665283203,7.563412189483643,3597.824951171875
afterms-sample-a45fc522-row-32029,empirical_sbt_positive_control,220311,0.0005109988851472735,0,52,0.0005109989135473148,22,False,15.081223487854004,-2,66.47400665283203,7.563412189483643,3597.824951171875
afterms-sample-a45fc522-row-32029,empirical_sbt_positive_control,220311,0.020335260778665543,0,53,0.02339005476565134,11,False,14.679004669189453,-2,66.57042694091797,8.718064308166504,3594.086669921875
afterms-sample-a45fc522-row-32029,empirical_sbt_positive_control,220311,0.002549376105889678,0,54,0.003017412013829034,11,False,14.856535911560059,-2,66.59750366210938,8.054357528686523,3594.3984375
afterms-sample-a45fc522-row-32029,empirical_sbt_positive_control,220311,0.0007792880642227829,0,55,0.0018776105912792112,22,False,14.361080169677734,-2,65.57115173339844,6.85576868057251,3606.18115234375
afterms-sample-a45fc522-row-32029,empirical_sbt_positive_control,220311,0.0010983225656673312,0,56,0.0015260392324312525,11,False,16.170879364013672,-2,63.87117385864258,5.554864883422852,3633.276123046875
afterms-sample-a45fc522-row-32029,empirical_sbt_positive_control,220311,0.0014720761682838202,0,57,0.0019161071725879095,11,False,14.323455810546875,-2,67.37100219726562,8.213777542114258,3578.181396484375
afterms-sample-a45fc522-row-32029,empirical_sbt_positive_control,220311,0.0011012430768460035,0,58,0.0015291188357434077,11,False,14.249664306640625,-2,67.50411987304688,8.399991989135742,3575.855224609375
afterms-sample-a45fc522-row-32029,empirical_sbt_positive_control,220311,3.511999935312815e-08,0,59,0.009534578149589848,22,False,13.785135269165039,-2,74.19808959960938,8.99285888671875,3592.14599609375
afterms-sample-a45fc522-row-32029,empirical_sbt_positive_control,220311,2.558900007443299e-07,0,60,1.6173574066975626e-05,11,False,15.321810722351074,-2,66.48300170898438,10.447903633117676,3607.92333984375
afterms-sample-a45fc522-row-32029,empirical_sbt_positive_control,220311,0.008059811778366566,0,61,0.008555563266790508,11,False,15.321810722351074,-2,66.64680480957031,10.554286003112793,3609.981201171875
afterms-sample-a45fc522-row-32029,empirical_sbt_positive_control,220111,0.0014241656754165888,0,62,0.0018664785599182066,11,False,9.716532707214355,-2,73.04755401611328,7.423342704772949,3440.202392578125
afterms-sample-a45fc522-row-32029,empirical_sbt_positive_control,220111,8.989999855657516e-09,0,63,0.0095078697865443,22,False,9.136957168579102,-2,73.70048522949219,8.53262710571289,3448.345458984375
afterms-sample-a45fc522-row-32029,empirical_sbt_positive_control,220211,0.004335104953497648,0,64,0.004819087427718061,-11,False,10.901510238647461,-2,73.69477081298828,8.760185241699219,3475.982421875
afterms-sample-a45fc522-row-32029,empirical_sbt_positive_control,220211,0.0005109988851472735,0,65,0.0005109989061633036,22,False,11.07457447052002,-2,73.83490753173828,7.607950210571289,3476.464599609375
afterms-sample-a45fc522-row-32029,empirical_sbt_positive_control,220211,0.0005109988851472735,0,66,0.0005109989061633036,22,False,11.07457447052002,-2,73.83490753173828,7.607950210571289,3476.464599609375
afterms-sample-a45fc522-row-32029,empirical_sbt_positive_control,220111,0.00021711627778131515,0,67,0.0005186828126595605,11,False,9.4782075881958,-2,73.57086181640625,7.380641937255859,3432.91552734375
afterms-sample-a45fc522-row-32029,empirical_sbt_positive_control,220111,0.0012090655509382486,0,68,0.0016424073541066475,11,False,9.13518238067627,-2,73.89171600341797,7.166152000427246,3422.69580078125
afterms-sample-a45fc522-row-32029,empirical_sbt_positive_control,220111,0.0007517230696976185,0,69,0.005175902279107294,22,False,8.98437213897705,-2,73.83077239990234,7.19725227355957,3428.552001953125
afterms-sample-a45fc522-row-32029,empirical_sbt_positive_control,220111,0.0044241794385015965,0,70,0.004908651819084288,11,False,9.68046760559082,-2,73.61784362792969,8.00710678100586,3439.915283203125
afterms-sample-a45fc522-row-32029,empirical_sbt_positive_control,220111,2.1898086122185134e-10,0,71,6.995829332589043e-05,1000060120,False,10.652624130249023,-2,72.41355895996094,6.652868270874023,3468.1064453125
afterms-sample-a45fc522-row-32029,empirical_sbt_positive_control,220111,0.008961600251495838,0,72,0.12818422893393033,-11,False,10.652624130249023,75,72.31600952148438,6.628735065460205,3471.05322265625
afterms-sample-a45fc522-row-32029,empirical_sbt_positive_control,220211,0.04787762090563774,0,73,0.11261744922418292,-11,False,10.89944839477539,75,70.6832504272461,5.93195104598999,3490.74072265625
afterms-sample-a45fc522-row-32029,empirical_sbt_positive_control,220311,1.7004440522327968e-08,0,74,0.0006164775646882134,1000060120,False,13.89018440246582,-2,64.12890625,3.6273820400238037,3564.744873046875
afterms-sample-a45fc522-row-32029,empirical_sbt_positive_control,220311,0.028570078313350677,0,75,0.05671693554159568,-11,False,13.89018440246582,-2,63.91195297241211,2.485900640487671,3573.288818359375
afterms-sample-a45fc522-row-32029,empirical_sbt_positive_control,220421,0.0005221719038672745,0,76,0.008564579143873503,22,False,16.430891036987305,-2,75.5964126586914,-12.354703903198242,3674.694580078125
afterms-sample-a45fc522-row-32029,empirical_sbt_positive_control,220421,2.558900007443299e-07,0,77,1.6173574005541025e-05,11,False,18.823225021362305,-2,80.1070327758789,-17.54665756225586,3709.888916015625
afterms-sample-a45fc522-row-32029,empirical_sbt_positive_control,220421,0.00655193580314517,0,78,0.008537871581784033,11,False,18.823225021362305,-2,80.64032745361328,-18.171241760253906,3711.259033203125
afterms-sample-a45fc522-row-32029,empirical_sbt_positive_control,220421,0.0014902151888236403,0,79,0.0019348741386655578,11,False,18.882526397705078,-2,80.65505981445312,-18.24924659729004,3711.604248046875
afterms-sample-a45fc522-row-32029,empirical_sbt_positive_control,220311,0.0005035091890022159,0,80,0.0005035091963274121,22,False,14.470937728881836,-2,63.69499969482422,1.3444194793701172,3581.832763671875
afterms-sample-a45fc522-row-32029,empirical_sbt_positive_control,220311,0.003222828032448888,0,81,0.0036986949749559773,11,False,14.134392738342285,-2,63.551513671875,3.502736806869507,3572.53759765625
afterms-sample-a45fc522-row-32029,empirical_sbt_positive_control,220311,0.0006631882861256599,0,82,0.016369239547946644,22,False,14.088102340698242,-2,62.20947265625,3.745573043823242,3591.67333984375
afterms-sample-a45fc522-row-32029,empirical_sbt_positive_control,220311,2.730400012751488e-07,0,83,1.6706909597056718e-05,11,False,15.527755737304688,-2,60.629180908203125,4.172939777374268,3612.68701171875
afterms-sample-a45fc522-row-32029,empirical_sbt_positive_control,220311,0.0011549507034942508,0,84,0.001585644392779818,11,False,15.527755737304688,-2,60.61381149291992,4.200520992279053,3612.790771484375
afterms-sample-a45fc522-row-32029,empirical_sbt_positive_control,220311,0.008265568874776363,0,85,0.015053156855015156,11,False,15.379963874816895,-2,63.016170501708984,2.756157875061035,3611.720703125
afterms-sample-a45fc522-row-32029,empirical_sbt_positive_control,220411,2.722000047583606e-08,0,86,0.006285259197260706,22,False,16.47504234313965,-2,64.74278259277344,24.434005737304688,3672.8994140625
afterms-sample-a45fc522-row-32029,empirical_sbt_positive_control,220411,0.0006240461952984333,0,87,0.0010135124912670891,11,False,17.817142486572266,-2,69.47574615478516,28.326324462890625,3676.890869140625
afterms-sample-a45fc522-row-32029,empirical_sbt_positive_control,220411,0.001520712859928608,0,88,0.00196640100768748,11,False,17.357065200805664,-2,70.27588653564453,24.763938903808594,3663.700439453125
afterms-sample-a45fc522-row-32029,empirical_sbt_positive_control,220311,0.005679108668118715,0,89,0.006168979996288777,11,False,13.89018440246582,-2,64.05873107910156,3.7286806106567383,3565.875244140625
afterms-sample-a45fc522-row-32029,empirical_sbt_positive_control,220211,0.0007909987471066415,0,90,0.0007909987863083325,22,False,11.921941757202148,-2,69.20285034179688,5.325683116912842,3505.981689453125
afterms-sample-a45fc522-row-32029,empirical_sbt_positive_control,220211,0.0015516243875026703,0,91,0.0019983229996921887,11,False,11.031810760498047,-2,71.98464965820312,6.336423873901367,3479.631103515625
afterms-sample-a45fc522-row-32029,empirical_sbt_positive_control,220111,0.011017369106411934,0,92,0.011517037908377084,11,False,10.652624130249023,-2,71.95360565185547,6.104049205780029,3470.921875
afterms-sample-a45fc522-row-32029,empirical_sbt_positive_control,220111,0.037285104393959045,0,93,0.06830721235874851,11,False,9.064040184020996,78,71.11605072021484,5.022563457489014,3430.44384765625
afterms-sample-a45fc522-row-32029,empirical_sbt_positive_control,220111,1.361000023791803e-08,0,94,0.013793880885766496,22,False,9.279815673828125,-2,66.26727294921875,8.347649574279785,3450.356201171875
afterms-sample-a45fc522-row-32029,empirical_sbt_positive_control,220622,1.4272059161157813e-06,0,95,0.0016365258682648387,2212,False,24.56072235107422,-2,-86.84395599365234,29.591262817382812,3855.17578125
afterms-sample-a45fc522-row-32029,empirical_sbt_positive_control,220622,0.0005981494905427098,0,96,0.00408920652450527,-11,False,24.56072235107422,-2,-86.97443389892578,29.55536651611328,3855.33642578125
afterms-sample-a45fc522-row-32029,empirical_sbt_positive_control,220622,0.0021001684945076704,0,97,0.00256067858789015,-11,False,24.582080841064453,-2,-87.04810333251953,28.947954177856445,3855.462890625
afterms-sample-a45fc522-row-32029,empirical_sbt_positive_control,220622,0.0005109988851472735,0,98,0.0005109989123207345,22,False,24.888595581054688,-2,-86.98768615722656,28.50897789001465,3855.30859375
afterms-sample-a45fc522-row-32029,empirical_sbt_positive_control,220622,0.0005109988851472735,0,99,0.0005109989123207345,22,False,24.888595581054688,-2,-86.98768615722656,28.50897789001465,3855.30859375
afterms-sample-a45fc522-row-32029,empirical_sbt_positive_control,220622,0.0009372901986353099,0,100,0.006211897395119651,11,False,24.56072235107422,-2,-86.97645568847656,29.589096069335938,3855.404052734375
afterms-sample-a45fc522-row-32029,empirical_sbt_positive_control,220111,0.003438549116253853,0,101,0.003916351689444642,11,False,10.449195861816406,-2,65.38505554199219,9.778776168823242,3461.346435546875
afterms-sample-a45fc522-row-32029,empirical_sbt_positive_control,220111,2.654999953222159e-08,0,102,0.009785975557587976,22,False,9.23019027709961,-2,67.97628784179688,5.233466148376465,3436.02734375
afterms-sample-a45fc522-row-32029,empirical_sbt_positive_control,220111,7.340726249083218e-09,0,103,0.0004050472069302207,1000060120,False,10.02506160736084,-2,63.101314544677734,3.8142471313476562,3446.786376953125
afterms-sample-a45fc522-row-32029,empirical_sbt_positive_control,220111,0.0038357290904968977,0,104,0.0043165870718846824,-11,False,10.02506160736084,-2,63.120906829833984,3.7776894569396973,3447.45263671875
afterms-sample-a45fc522-row-32029,empirical_sbt_positive_control,220111,0.0005109988851472735,0,105,0.000510998911600914,22,False,10.178000450134277,-2,63.1405029296875,3.741131544113159,3448.118896484375
afterms-sample-a45fc522-row-32029,empirical_sbt_positive_control,220111,0.0005109988851472735,0,106,0.000510998911600914,22,False,10.178000450134277,-2,63.1405029296875,3.741131544113159,3448.118896484375
afterms-sample-a45fc522-row-32029,empirical_sbt_positive_control,220111,0.0016571246087551117,0,107,0.0021070452220352904,11,False,10.02506160736084,-2,63.057762145996094,3.7403621673583984,3447.042724609375
afterms-sample-a45fc522-row-32029,empirical_sbt_positive_control,220111,2.644599987888796e-07,0,108,1.6442247259418828e-05,11,False,9.282931327819824,-2,72.50346374511719,6.533904075622559,3426.806396484375
afterms-sample-a45fc522-row-32029,empirical_sbt_positive_control,220111,0.003270826069638133,0,109,0.003747142892429439,11,False,9.282931327819824,-2,72.61915588378906,6.361708164215088,3427.384033203125
afterms-sample-a45fc522-row-32029,empirical_sbt_positive_control,220111,4.254465295616683e-07,0,110,0.0030836040624692878,1000060120,False,9.422140121459961,-2,71.45355987548828,6.180052757263184,3430.830810546875
afterms-sample-a45fc522-row-32029,empirical_sbt_positive_control,220111,0.0005597112467512488,0,111,0.0009409040419806577,-11,False,9.422140121459961,-2,71.45903015136719,6.109098434448242,3430.812255859375
afterms-sample-a45fc522-row-32029,empirical_sbt_positive_control,220111,0.0005109988851472735,0,112,0.0005109988973050506,22,False,9.63328742980957,-2,71.46450805664062,6.038144111633301,3430.79345703125
afterms-sample-a45fc522-row-32029,empirical_sbt_positive_control,220111,0.0005109988851472735,0,113,0.0005109988973050506,22,False,9.63328742980957,-2,71.46450805664062,6.038144111633301,3430.79345703125
afterms-sample-a45fc522-row-32029,empirical_sbt_positive_control,220111,0.005351027939468622,0,114,0.005839712304305301,11,False,9.422140121459961,-2,72.00967407226562,5.578853607177734,3432.09912109375
afterms-sample-a45fc522-row-32029,empirical_sbt_positive_control,220111,0.0005701801856048405,0,115,0.0018410492291322325,22,False,9.161897659301758,-2,70.33402252197266,11.597578048706055,3428.5654296875
afterms-sample-a45fc522-row-32029,empirical_sbt_positive_control,220111,2.558900007443299e-07,0,116,1.6173574154031935e-05,11,False,9.657675743103027,-2,66.53453826904297,14.929931640625,3434.013916015625
afterms-sample-a45fc522-row-32029,empirical_sbt_positive_control,220111,0.0012706131674349308,0,117,0.0017067576201806084,11,False,9.657675743103027,-2,66.44021606445312,14.982986450195312,3434.06396484375
afterms-sample-a45fc522-row-32029,empirical_sbt_positive_control,220111,0.0029318477027118206,0,118,0.004658336905421731,11,False,9.322347640991211,79,74.30184936523438,7.386923313140869,3428.728271484375
afterms-sample-a45fc522-row-32029,empirical_sbt_positive_control,220111,0.00027409440372139215,0,119,0.00247376051790812,22,False,9.661869049072266,-2,70.36835479736328,7.6005167961120605,3449.798095703125
afterms-sample-a45fc522-row-32029,empirical_sbt_positive_control,220111,0.0021996661089360714,0,120,0.0026620640606100066,11,False,10.481846809387207,-2,66.07257843017578,9.00297737121582,3461.606201171875
afterms-sample-a45fc522-row-32029,empirical_sbt_positive_control,220111,0.0009345292346552014,0,121,0.0022879878703120607,22,False,9.630274772644043,-2,73.2696304321289,6.676370620727539,3440.342041015625
afterms-sample-a45fc522-row-32029,empirical_sbt_positive_control,220111,0.0013534585013985634,0,122,0.0017930648183123268,11,False,9.843369483947754,-2,71.9674301147461,6.929510593414307,3443.380126953125
afterms-sample-a45fc522-row-32029,empirical_sbt_positive_control,220111,0.0010132984025403857,0,123,0.001436092786271449,11,False,9.456075668334961,-2,74.39506530761719,7.413629531860352,3432.06689453125
afterms-sample-a45fc522-row-32029,empirical_sbt_positive_control,220111,0.002198481932282448,0,124,0.002660858278220498,11,False,9.439746856689453,-2,74.2960205078125,6.833910942077637,3431.9716796875
afterms-sample-a45fc522-row-32029,empirical_sbt_positive_control,220221,0.00024993252009153366,0,125,0.002094487288127876,22,False,11.063712120056152,-2,67.27446746826172,-11.762377738952637,3478.717529296875
afterms-sample-a45fc522-row-32029,empirical_sbt_positive_control,220221,2.558900007443299e-07,0,126,1.6173573957772168e-05,11,False,11.31390380859375,-2,66.46021270751953,-13.508615493774414,3481.93505859375
afterms-sample-a45fc522-row-32029,empirical_sbt_positive_control,220221,0.001844298909418285,0,127,0.0022991972145970443,11,False,11.31390380859375,-2,66.338134765625,-13.705320358276367,3482.08447265625
afterms-sample-a45fc522-row-32029,empirical_sbt_positive_control,220111,0.032116953283548355,0,128,0.0910577464227021,11,False,10.203845024108887,83,73.17161560058594,7.377077579498291,3464.327880859375
afterms-sample-a45fc522-row-32029,empirical_sbt_positive_control,220211,0.03474191203713417,0,129,0.044375234555485116,11,False,10.915639877319336,83,72.26715087890625,7.434208393096924,3484.860107421875
afterms-sample-a45fc522-row-32029,empirical_sbt_positive_control,220211,0.002019723178818822,0,130,0.0024785952742039236,11,False,11.447562217712402,-2,71.5220718383789,8.118547439575195,3491.167236328125
afterms-sample-a45fc522-row-32029,empirical_sbt_positive_control,220211,0.002998894779011607,0,131,0.0034724967377470495,11,False,11.075605392456055,-2,69.78659057617188,8.368849754333496,3480.54443359375
afterms-sample-a45fc522-row-32029,empirical_sbt_positive_control,220211,0.0010496402392163873,0,132,0.0014746100062170532,11,False,11.024807929992676,-2,70.17229461669922,8.187889099121094,3478.7197265625
afterms-sample-a45fc522-row-32029,empirical_sbt_positive_control,220211,0.0003222102823201567,0,133,0.003057006713547561,22,False,11.012794494628906,-2,69.82878875732422,8.255102157592773,3480.245849609375
afterms-sample-a45fc522-row-32029,empirical_sbt_positive_control,220211,0.0027347963768988848,0,134,0.0032053184664442317,11,False,11.143823623657227,-2,69.21206665039062,8.326926231384277,3482.703369140625
afterms-sample-a45fc522-row-32029,empirical_sbt_positive_control,220111,0.0014095547376200557,0,135,0.0018513255935141454,11,False,10.341963768005371,-2,74.47924041748047,6.9747090339660645,3458.900390625
afterms-sample-a45fc522-row-32029,empirical_sbt_positive_control,220211,0.000493889965582639,0,136,0.002436486694124052,22,False,10.910235404968262,-2,71.33232879638672,10.18139934539795,3484.217041015625
afterms-sample-a45fc522-row-32029,empirical_sbt_positive_control,220211,2.644700032305991e-07,0,137,1.64425571497536e-05,11,False,11.5170259475708,-2,70.98200988769531,12.130033493041992,3492.93408203125
afterms-sample-a45fc522-row-32029,empirical_sbt_positive_control,220211,0.0013430955586954951,0,138,0.0017822867775433256,11,False,11.5170259475708,-2,70.96818542480469,12.157231330871582,3493.0498046875
afterms-sample-a45fc522-row-32029,empirical_sbt_positive_control,220211,0.0005992367514409125,0,139,0.0009856487070461217,11,False,11.207172393798828,-2,70.24951934814453,8.882707595825195,3484.26171875
afterms-sample-a45fc522-row-32029,empirical_sbt_positive_control,220111,1.7559999676564075e-08,0,140,0.00220271359709247,22,False,10.203845024108887,-2,74.9937744140625,8.3897705078125,3464.327880859375
afterms-sample-a45fc522-row-32029,empirical_sbt_positive_control,220111,0.0007810876704752445,0,141,0.0011867467036746327,11,False,10.680423736572266,-2,73.09290313720703,8.190216064453125,3468.722900390625
afterms-sample-a45fc522-row-32029,empirical_sbt_positive_control,220111,0.00023483310360461473,0,142,0.0010543489742481796,22,False,10.215185165405273,-2,75.03572845458984,6.793513774871826,3458.084716796875
afterms-sample-a45fc522-row-32029,empirical_sbt_positive_control,220111,0.0008195159025490284,0,143,0.0012284745432705596,11,False,10.421405792236328,-2,74.98158264160156,6.8933892250061035,3461.173828125
afterms-sample-a45fc522-row-32029,empirical_sbt_positive_control,220211,1.5644545658943798e-09,0,144,0.00018698965856599808,1000060120,False,11.432565689086914,-2,68.93277740478516,14.44407844543457,3490.101806640625
afterms-sample-a45fc522-row-32029,empirical_sbt_positive_control,220211,0.00789153203368187,0,145,0.009455304831455383,-11,False,11.432565689086914,-2,69.70722961425781,14.929327964782715,3492.05126953125
afterms-sample-a45fc522-row-32029,empirical_sbt_positive_control,220211,0.0005109988851472735,0,146,0.0005109989028275362,22,False,11.665756225585938,-2,70.48168182373047,15.41457748413086,3494.00048828125
afterms-sample-a45fc522-row-32029,empirical_sbt_positive_control,220211,0.0005109988851472735,0,147,0.0005109989028275362,22,False,11.665756225585938,-2,70.48168182373047,15.41457748413086,3494.00048828125
afterms-sample-a45fc522-row-32029,empirical_sbt_positive_control,220211,0.000744103454053402,0,148,0.0010665714143654331,22,False,11.582250595092773,-2,71.45120239257812,14.821502685546875,3495.72802734375
afterms-sample-a45fc522-row-32029,empirical_sbt_positive_control,220211,0.00032246799673885107,0,149,0.0006584429903255542,11,False,11.751266479492188,-2,73.26779174804688,14.280010223388672,3497.408935546875
afterms-sample-a45fc522-row-32029,empirical_sbt_positive_control,220211,0.01954498700797558,0,150,0.02004947419706886,11,False,11.432565689086914,-2,70.56571197509766,15.101557731628418,3495.18115234375
afterms-sample-a45fc522-row-32029,empirical_sbt_positive_control,220111,0.0008705046493560076,0,151,0.015452208238230044,22,False,10.501230239868164,-2,75.31120300292969,8.664668083190918,3463.675537109375
afterms-sample-a45fc522-row-32029,empirical_sbt_positive_control,220111,0.006353842560201883,0,152,0.015084050094822695,11,False,10.537820816040039,-2,75.38350677490234,9.394351959228516,3466.0859375
afterms-sample-a45fc522-row-32029,empirical_sbt_positive_control,220111,0.007351882290095091,0,153,0.007846259301572867,11,False,10.678156852722168,-2,73.63377380371094,9.982712745666504,3468.642333984375
afterms-sample-a45fc522-row-32029,empirical_sbt_positive_control,220111,1.495999946143911e-08,0,154,0.025524074479744505,22,False,10.233102798461914,-2,75.26982116699219,6.325537204742432,3460.993896484375
afterms-sample-a45fc522-row-32029,empirical_sbt_positive_control,220111,2.730400012751488e-07,0,155,1.6706909699651585e-05,11,False,10.549753189086914,-2,75.04827880859375,6.625658988952637,3465.027099609375
afterms-sample-a45fc522-row-32029,empirical_sbt_positive_control,220111,0.015552561730146408,0,156,0.021905644615201524,11,False,10.549753189086914,-2,75.34241485595703,7.982802867889404,3469.12255859375
afterms-sample-a45fc522-row-32029,empirical_sbt_positive_control,220111,0.0010038031032308936,0,157,0.0014260102736635344,11,False,10.686488151550293,-2,75.22975158691406,7.680883884429932,3468.9697265625
afterms-sample-a45fc522-row-32029,empirical_sbt_positive_control,220111,0.028247252106666565,0,158,0.06415446001634083,11,False,10.259709358215332,84,75.10121154785156,4.583981037139893,3465.129638671875
afterms-sample-a45fc522-row-32029,empirical_sbt_positive_control,220211,0.007710748352110386,0,159,0.01645903570215506,11,False,10.908771514892578,84,73.94143676757812,2.0306200981140137,3477.2373046875
afterms-sample-a45fc522-row-32029,empirical_sbt_positive_control,220211,0.0009698803769424558,0,160,0.0010659174408817144,22,False,10.908778190612793,-2,74.62723541259766,2.4574267864227295,3478.719482421875
afterms-sample-a45fc522-row-32029,empirical_sbt_positive_control,220211,2.558900007443299e-07,0,161,1.6173573930749777e-05,11,False,11.13170337677002,-2,74.35233306884766,1.6053575277328491,3481.938720703125
afterms-sample-a45fc522-row-32029,empirical_sbt_positive_control,220211,9.578116441844031e-05,0,162,0.00032720356665648256,11,False,11.13170337677002,-2,74.35233306884766,1.6053575277328491,3481.938720703125
afterms-sample-a45fc522-row-32029,empirical_sbt_positive_control,220111,0.0010891902493312955,0,163,0.011074128489375897,11,False,10.416882514953613,-2,75.22440338134766,4.911546230316162,3461.22607421875
afterms-sample-a45fc522-row-32029,empirical_sbt_positive_control,220321,0.03292713686823845,0,164,0.043768630809116735,-11,False,13.699335098266602,-2,75.00016784667969,-10.983650207519531,3566.875244140625
afterms-sample-a45fc522-row-32029,empirical_sbt_positive_control,220321,0.0005109988851472735,0,165,0.0005109989177541099,22,False,14.532211303710938,-2,78.40554809570312,-8.408512115478516,3576.25048828125
afterms-sample-a45fc522-row-32029,empirical_sbt_positive_control,220321,0.0005109988851472735,0,166,0.0005109989177541099,22,False,14.532211303710938,-2,78.40554809570312,-8.408512115478516,3576.25048828125
afterms-sample-a45fc522-row-32029,empirical_sbt_positive_control,220321,8.989999855657516e-09,0,167,0.010333477910607694,22,False,14.099827766418457,-2,76.38665008544922,-13.294557571411133,3572.799560546875
afterms-sample-a45fc522-row-32029,empirical_sbt_positive_control,220321,0.00490570766851306,0,168,0.005392549324060864,11,False,14.116461753845215,-2,74.4095230102539,-13.578667640686035,3570.558837890625
afterms-sample-a45fc522-row-32029,empirical_sbt_positive_control,220321,0.03190730884671211,0,169,0.06086030741254343,11,False,13.699373245239258,-2,69.9858169555664,-13.586050033569336,3566.177978515625
afterms-sample-a45fc522-row-32029,empirical_sbt_positive_control,220321,0.0020134993828833103,0,170,0.00247224020401826,11,False,14.258659362792969,-2,68.6942138671875,-14.229757308959961,3573.827880859375
afterms-sample-a45fc522-row-32029,empirical_sbt_positive_control,220321,0.0003707814612425864,0,171,0.0144251734439675,22,False,14.135635375976562,-2,71.0469970703125,-20.597909927368164,3590.096435546875
afterms-sample-a45fc522-row-32029,empirical_sbt_positive_control,220321,0.0009460222208872437,0,172,0.0013644745319012078,11,False,15.559727668762207,-2,72.93009185791016,-25.69417953491211,3610.005859375
afterms-sample-a45fc522-row-32029,empirical_sbt_positive_control,220321,2.644700032305991e-07,0,173,1.64425579379387e-05,11,False,15.420175552368164,-2,70.10368347167969,-23.83656883239746,3607.543212890625
afterms-sample-a45fc522-row-32029,empirical_sbt_positive_control,220321,0.0037373905070126057,0,174,0.004217546006455737,11,False,15.420175552368164,-2,70.12696838378906,-24.053552627563477,3608.2177734375
afterms-sample-a45fc522-row-32029,empirical_sbt_positive_control,220321,0.0004371653776615858,0,175,0.0007986837111237847,11,False,14.492841720581055,-2,68.81156158447266,-16.728782653808594,3580.697509765625
afterms-sample-a45fc522-row-32029,empirical_sbt_positive_control,220321,0.008933549746870995,0,176,0.009430714348041826,11,False,14.230379104614258,-2,66.98611450195312,-15.738518714904785,3574.910888671875
afterms-sample-a45fc522-row-32029,empirical_sbt_positive_control,521022,0.00024205341469496489,0,177,0.0012731222506554573,22,False,34.90943908691406,-2,-70.59671020507812,-164.87271118164062,4163.06103515625
afterms-sample-a45fc522-row-32029,empirical_sbt_positive_control,521022,2.730400012751488e-07,0,178,1.670691007968099e-05,11,False,35.216941833496094,-2,-71.62870788574219,-166.00387573242188,4167.40869140625
afterms-sample-a45fc522-row-32029,empirical_sbt_positive_control,521022,0.0010307958582416177,0,179,0.0014546515668204083,11,False,35.216941833496094,-2,-71.63835144042969,-166.0226593017578,4167.4560546875
afterms-sample-a45fc522-row-32029,empirical_sbt_positive_control,220111,0.004078150726854801,0,180,0.004560611379635425,11,False,10.130681991577148,-2,74.34428405761719,6.001312255859375,3452.8486328125
afterms-sample-a45fc522-row-32029,empirical_sbt_positive_control,220111,0.0023369856644421816,0,181,0.002801766550480357,11,False,10.092899322509766,-2,74.8167495727539,6.429824352264404,3451.650390625
afterms-sample-a45fc522-row-32029,empirical_sbt_positive_control,220111,0.000817514315713197,0,182,0.002331638020005373,22,False,10.130378723144531,-2,73.42021179199219,11.724631309509277,3459.70556640625
afterms-sample-a45fc522-row-32029,empirical_sbt_positive_control,220111,2.644700032305991e-07,0,183,1.644255794010101e-05,11,False,10.716594696044922,-2,71.83354187011719,16.06096076965332,3467.181640625
afterms-sample-a45fc522-row-32029,empirical_sbt_positive_control,220111,0.0015138592571020126,0,184,0.001959318915870285,11,False,10.716594696044922,-2,71.84851837158203,16.168489456176758,3467.34033203125
afterms-sample-a45fc522-row-32029,empirical_sbt_positive_control,220111,0.02881476655602455,0,185,0.029321313893203582,-11,False,10.1995849609375,-2,73.8186264038086,5.759819984436035,3462.717529296875
afterms-sample-a45fc522-row-32029,empirical_sbt_positive_control,220111,0.0005109988851472735,0,186,0.0005109989157264013,22,False,11.03738784790039,-2,72.56204223632812,4.789306640625,3470.927978515625
afterms-sample-a45fc522-row-32029,empirical_sbt_positive_control,220111,0.0005109988851472735,0,187,0.0005109989157264013,22,False,11.03738784790039,-2,72.56204223632812,4.789306640625,3470.927978515625
afterms-sample-a45fc522-row-32029,empirical_sbt_positive_control,220111,0.0013708316255360842,0,188,0.0018111229596155531,11,False,9.70069408416748,-2,74.57937622070312,7.093029022216797,3439.43994140625
afterms-sample-a45fc522-row-32029,empirical_sbt_positive_control,220111,0.015639273449778557,0,189,0.021933452710279102,-11,False,9.752311706542969,-2,74.37175750732422,8.295299530029297,3445.476318359375
afterms-sample-a45fc522-row-32029,empirical_sbt_positive_control,220111,0.0005109988851472735,0,190,0.0005109989037137912,22,False,10.152522087097168,-2,74.07154083251953,9.599015235900879,3449.88671875
afterms-sample-a45fc522-row-32029,empirical_sbt_positive_control,220111,0.0005109988851472735,0,191,0.0005109989037137912,22,False,10.152522087097168,-2,74.07154083251953,9.599015235900879,3449.88671875
afterms-sample-a45fc522-row-32029,empirical_sbt_positive_control,220111,0.0012900661677122116,0,192,0.0017270539412981261,11,False,9.925166130065918,-2,74.09085845947266,8.996906280517578,3445.831787109375
afterms-sample-a45fc522-row-32029,empirical_sbt_positive_control,220111,0.0019268154865130782,0,193,0.0023836566941805772,11,False,9.868535995483398,-2,73.95963287353516,8.336275100708008,3444.4326171875
afterms-sample-a45fc522-row-32029,empirical_sbt_positive_control,220111,0.002572249621152878,0,194,0.0030406088215286444,11,False,9.80126953125,-2,74.34674835205078,7.397622585296631,3442.958251953125
afterms-sample-a45fc522-row-32029,empirical_sbt_positive_control,220221,0.0009210280841216445,0,195,0.00453404388220303,22,False,11.13436508178711,-2,74.47350311279297,-1.8121997117996216,3483.5556640625
afterms-sample-a45fc522-row-32029,empirical_sbt_positive_control,220221,2.7305000571686833e-07,0,196,1.670721552996025e-05,11,False,11.279656410217285,-2,74.76783752441406,-2.874399423599243,3485.240478515625
afterms-sample-a45fc522-row-32029,empirical_sbt_positive_control,220221,0.00035331034450791776,0,197,0.0006970728983209876,11,False,11.279656410217285,-2,74.76783752441406,-2.874399423599243,3485.240478515625
afterms-sample-a45fc522-row-32029,empirical_sbt_positive_control,220221,0.0032594327349215746,0,198,0.0037356437553818364,11,False,11.203012466430664,-2,73.630615234375,-1.0095208883285522,3484.063232421875
afterms-sample-a45fc522-row-32029,empirical_sbt_positive_control,220111,0.01657416671514511,0,199,0.060094052041106946,11,False,9.836621284484863,87,74.90898132324219,7.121585369110107,3448.966064453125
afterms-sample-a45fc522-row-32029,empirical_sbt_positive_control,220111,0.006243208888918161,0,200,0.006734849782466428,11,False,10.212370872497559,87,74.90184020996094,6.263535499572754,3455.649169921875
afterms-sample-a45fc522-row-32029,empirical_sbt_positive_control,220111,0.0020571891218423843,0,201,0.0025168374618124035,11,False,10.08826732635498,-2,73.89791107177734,6.8314714431762695,3451.45068359375
afterms-sample-a45fc522-row-32029,empirical_sbt_positive_control,221312,0.0007355113630183041,0,202,0.031162920812910173,22,False,41.44728088378906,-2,-91.37637329101562,-1.3746026754379272,4407.85302734375
afterms-sample-a45fc522-row-32029,empirical_sbt_positive_control,221312,0.018900051712989807,0,203,0.03093418836349784,11,False,43.502159118652344,-2,-97.094482421875,-1.192439079284668,4444.18896484375
afterms-sample-a45fc522-row-32029,empirical_sbt_positive_control,221312,0.0010004234500229359,0,204,0.0014224195414450273,11,False,43.7457160949707,-2,-97.41439056396484,-1.7435771226882935,4445.4619140625
afterms-sample-a45fc522-row-32029,empirical_sbt_positive_control,221512,0.0009801656706258655,0,205,0.00815238582196967,22,False,46.96405792236328,-2,-105.3283920288086,-5.56579065322876,4560.3564453125
afterms-sample-a45fc522-row-32029,empirical_sbt_positive_control,221512,7.554353214800358e-05,0,206,0.0002879447041653214,11,False,48.346683502197266,-2,-107.01565551757812,-2.9387125968933105,4579.21337890625
afterms-sample-a45fc522-row-32029,empirical_sbt_positive_control,221512,2.558900007443299e-07,0,207,1.617357421251735e-05,11,False,48.027587890625,-2,-105.66687774658203,-10.296109199523926,4573.25
afterms-sample-a45fc522-row-32029,empirical_sbt_positive_control,221512,0.007096420507878065,0,208,0.007590237932170284,11,False,48.027587890625,-2,-106.02328491210938,-10.742154121398926,4575.10693359375
afterms-sample-a45fc522-row-32029,empirical_sbt_positive_control,220111,0.0018447585171088576,0,209,0.0022996680477910514,11,False,9.856582641601562,-2,74.69852447509766,7.407491683959961,3443.835205078125
afterms-sample-a45fc522-row-32029,empirical_sbt_positive_control,220111,0.004421168472617865,0,210,0.014634418399230303,11,False,9.949456214904785,-2,74.88430786132812,7.753219127655029,3448.1435546875
afterms-sample-a45fc522-row-32029,empirical_sbt_positive_control,220111,0.0014660452725365758,0,211,0.0019098648946909765,11,False,10.034475326538086,-2,74.69696044921875,8.207077980041504,3449.31689453125
afterms-sample-a45fc522-row-32029,empirical_sbt_positive_control,220211,1.6462108121118035e-08,0,212,0.000606567113029568,1000060120,False,11.160633087158203,-2,72.0722427368164,11.557394981384277,3482.938232421875
afterms-sample-a45fc522-row-32029,empirical_sbt_positive_control,220211,0.01602887734770775,0,213,0.017980854557871146,-11,False,11.160633087158203,-2,72.92802429199219,10.232938766479492,3486.322021484375
afterms-sample-a45fc522-row-32029,empirical_sbt_positive_control,220211,0.0005109988851472735,0,214,0.0005109988985192999,22,False,11.624882698059082,-2,73.78380584716797,8.908482551574707,3489.705810546875
afterms-sample-a45fc522-row-32029,empirical_sbt_positive_control,220211,0.0005109988851472735,0,215,0.0005109988985192999,22,False,11.624882698059082,-2,73.78380584716797,8.908482551574707,3489.705810546875
afterms-sample-a45fc522-row-32029,empirical_sbt_positive_control,220211,0.0014482381520792842,0,216,0.0018914253191594237,11,False,11.20909595489502,-2,71.9045639038086,11.679869651794434,3484.501220703125
afterms-sample-a45fc522-row-32029,empirical_sbt_positive_control,220211,0.004737553186714649,0,217,0.005223617384667172,11,False,11.160633087158203,-2,71.68228912353516,11.306906700134277,3484.077392578125
afterms-sample-a45fc522-row-32029,empirical_sbt_positive_control,220111,0.00395566551014781,0,218,0.004437337936106287,-11,False,9.54971981048584,-2,73.98110961914062,7.617039680480957,3435.77587890625
afterms-sample-a45fc522-row-32029,empirical_sbt_positive_control,220111,0.0005109988851472735,0,219,0.0005109989165915489,22,False,9.65112018585205,-2,73.47312927246094,7.980380535125732,3436.58251953125
afterms-sample-a45fc522-row-32029,empirical_sbt_positive_control,220111,0.0005109988851472735,0,220,0.0005109989165915489,22,False,9.65112018585205,-2,73.47312927246094,7.980380535125732,3436.58251953125
afterms-sample-a45fc522-row-32029,empirical_sbt_positive_control,220111,0.000895028468221426,0,221,0.0012469463368046676,22,False,9.846415519714355,-2,70.51068878173828,3.590421438217163,3449.628662109375
afterms-sample-a45fc522-row-32029,empirical_sbt_positive_control,220111,2.644700032305991e-07,0,222,1.644255727352639e-05,11,False,10.369019508361816,-2,66.27238464355469,0.8602306842803955,3455.62451171875
afterms-sample-a45fc522-row-32029,empirical_sbt_positive_control,220111,0.00035165337612852454,0,223,0.000695017341878198,11,False,10.369019508361816,-2,66.27238464355469,0.8602306842803955,3455.62451171875
afterms-sample-a45fc522-row-32029,empirical_sbt_positive_control,220111,0.00293355411849916,0,224,0.010095437321089524,11,False,9.48714828491211,-2,74.46058654785156,7.157641410827637,3434.01953125
afterms-sample-a45fc522-row-32029,empirical_sbt_positive_control,220111,0.0012353037018328905,0,225,0.006991429030429353,11,False,9.545401573181152,-2,74.49784088134766,7.125663757324219,3435.261474609375
afterms-sample-a45fc522-row-32029,empirical_sbt_positive_control,220111,0.0010960737708956003,0,226,0.0015236674646372525,11,False,9.564726829528809,-2,74.44221496582031,7.093675136566162,3435.51220703125
afterms-sample-a45fc522-row-32029,empirical_sbt_positive_control,220111,8.989999855657516e-09,0,227,0.00490196713026848,22,False,9.487344741821289,-2,74.61827850341797,7.314451217651367,3439.27587890625
afterms-sample-a45fc522-row-32029,empirical_sbt_positive_control,220111,0.003839395707473159,0,228,0.0043202794481723246,11,False,9.830854415893555,-2,72.4002914428711,8.114158630371094,3443.859619140625
afterms-sample-a45fc522-row-32029,empirical_sbt_positive_control,220111,0.005444825626909733,0,229,0.0059338624254396,-11,False,9.383957862854004,-2,73.92151641845703,7.968336582183838,3430.99658203125
afterms-sample-a45fc522-row-32029,empirical_sbt_positive_control,220111,0.0005109988851472735,0,230,0.0005109989191626283,22,False,9.583511352539062,-2,73.5015869140625,8.763017654418945,3431.945068359375
afterms-sample-a45fc522-row-32029,empirical_sbt_positive_control,220111,0.0005109988851472735,0,231,0.0005109989191626283,22,False,9.583511352539062,-2,73.5015869140625,8.763017654418945,3431.945068359375
afterms-sample-a45fc522-row-32029,empirical_sbt_positive_control,220111,0.0018727383576333523,0,232,0.0023283220498318837,11,False,9.381539344787598,-2,74.16712188720703,7.042500019073486,3430.05908203125
afterms-sample-a45fc522-row-32029,empirical_sbt_positive_control,220111,0.00427141273394227,0,233,0.013152728653038105,-11,False,9.734992027282715,-2,74.35423278808594,7.547765731811523,3441.80322265625
afterms-sample-a45fc522-row-32029,empirical_sbt_positive_control,220111,0.0005109988851472735,0,234,0.0005109989147797056,22,False,9.839625358581543,-2,74.050048828125,8.022459983825684,3442.992919921875
afterms-sample-a45fc522-row-32029,empirical_sbt_positive_control,220111,0.0005109988851472735,0,235,0.0005109989147797056,22,False,9.839625358581543,-2,74.050048828125,8.022459983825684,3442.992919921875
afterms-sample-a45fc522-row-32029,empirical_sbt_positive_control,220211,1.7559999676564075e-08,0,236,0.008380239294898315,22,False,10.9380521774292,-2,64.5114517211914,27.27359962463379,3515.75
afterms-sample-a45fc522-row-32029,empirical_sbt_positive_control,220211,0.0019206488505005836,0,237,0.0023773496719335045,11,False,12.767199516296387,-2,64.75696563720703,27.68402671813965,3528.844482421875
afterms-sample-a45fc522-row-32029,empirical_sbt_positive_control,220111,0.0005541210412047803,0,238,0.0010645755020768249,22,False,9.260333061218262,-2,69.66587829589844,7.704612731933594,3431.65234375
afterms-sample-a45fc522-row-32029,empirical_sbt_positive_control,220111,2.644700032305991e-07,0,239,1.644255838586167e-05,11,False,9.729442596435547,-2,65.10160064697266,8.320902824401855,3436.9658203125
afterms-sample-a45fc522-row-32029,empirical_sbt_positive_control,220111,0.00051019003149122,0,240,0.0008841419292729805,11,False,9.729442596435547,-2,65.10160064697266,8.320902824401855,3436.9658203125
afterms-sample-a45fc522-row-32029,empirical_sbt_positive_control,220111,0.00030808255542069674,0,241,0.007513821489266771,22,False,9.503433227539062,-2,74.4428939819336,6.341392517089844,3435.376953125
afterms-sample-a45fc522-row-32029,empirical_sbt_positive_control,220111,2.644700032305991e-07,0,242,1.64425576952742e-05,11,False,9.620537757873535,-2,74.43681335449219,6.143656253814697,3437.12109375
afterms-sample-a45fc522-row-32029,empirical_sbt_positive_control,220111,0.002111544832587242,0,243,0.007699535008917881,11,False,9.620537757873535,-2,74.51117706298828,5.982609272003174,3437.65283203125
afterms-sample-a45fc522-row-32029,empirical_sbt_positive_control,220211,1.6952272119397094e-07,0,244,0.0019464806197874189,1000060120,False,12.247126579284668,-2,72.48796844482422,19.547271728515625,3514.95751953125
afterms-sample-a45fc522-row-32029,empirical_sbt_positive_control,220211,0.007146539632230997,0,245,0.007640469545721563,-11,False,12.247126579284668,-2,72.21932983398438,19.536727905273438,3516.442626953125
afterms-sample-a45fc522-row-32029,empirical_sbt_positive_control,220211,0.0005109988851472735,0,246,0.0005109989034130304,22,False,12.393453598022461,-2,71.95068359375,19.526182174682617,3517.927734375
afterms-sample-a45fc522-row-32029,empirical_sbt_positive_control,220211,0.0005109988851472735,0,247,0.0005109989034130304,22,False,12.393453598022461,-2,71.95068359375,19.526182174682617,3517.927734375
afterms-sample-a45fc522-row-32029,empirical_sbt_positive_control,220211,0.004622925538569689,0,248,0.017151850237563705,11,False,12.247126579284668,-2,72.31670379638672,19.58411979675293,3516.04296875
afterms-sample-a45fc522-row-32029,empirical_sbt_positive_control,220211,1.7559999676564075e-08,0,249,0.005377818211270569,22,False,12.29914379119873,-2,75.14591217041016,22.711843490600586,3533.32275390625
afterms-sample-a45fc522-row-32029,empirical_sbt_positive_control,220211,0.0031232633627951145,0,250,0.0035981582776957706,11,False,13.05240249633789,-2,73.1762924194336,26.886220932006836,3538.654541015625
afterms-sample-a45fc522-row-32029,empirical_sbt_positive_control,220311,0.0007096282788552344,0,251,0.002103873928430093,22,False,13.723067283630371,-2,71.9775619506836,32.44884490966797,3560.23974609375
afterms-sample-a45fc522-row-32029,empirical_sbt_positive_control,220311,2.558900007443299e-07,0,252,1.6173573661083845e-05,11,False,13.913131713867188,-2,71.95454406738281,33.22996520996094,3562.9794921875
afterms-sample-a45fc522-row-32029,empirical_sbt_positive_control,220311,0.0013939897762611508,0,253,0.0018351735511854968,11,False,13.913131713867188,-2,71.96495819091797,33.23114013671875,3563.15771484375
afterms-sample-a45fc522-row-32029,empirical_sbt_positive_control,220211,0.004543843679130077,0,254,0.0050289475056423194,11,False,12.28866195678711,-2,71.9806900024414,20.18758773803711,3517.17822265625
afterms-sample-a45fc522-row-32029,empirical_sbt_positive_control,220211,0.0025910676922649145,0,255,0.0030596891701163646,-11,False,10.904759407043457,-2,74.26654815673828,9.780753135681152,3475.862060546875
afterms-sample-a45fc522-row-32029,empirical_sbt_positive_control,220211,0.0005109988851472735,0,256,0.0005109989002811948,22,False,11.024994850158691,-2,74.03014373779297,9.332880973815918,3476.223876953125
afterms-sample-a45fc522-row-32029,empirical_sbt_positive_control,220211,0.0005109988851472735,0,257,0.0005109989002811948,22,False,11.024994850158691,-2,74.03014373779297,9.332880973815918,3476.223876953125
afterms-sample-a45fc522-row-32029,empirical_sbt_positive_control,220211,0.006416243966668844,0,258,0.02777791852151357,11,False,10.90280818939209,-2,75.2509765625,10.480616569519043,3477.466064453125
afterms-sample-a45fc522-row-32029,empirical_sbt_positive_control,220111,0.012449764646589756,0,259,0.01635138350638161,-11,False,9.323256492614746,-2,73.49635314941406,8.10605525970459,3431.12451171875
afterms-sample-a45fc522-row-32029,empirical_sbt_positive_control,220111,0.0005109988851472735,0,260,0.0005109989105710896,22,False,9.574258804321289,-2,72.70634460449219,9.057995796203613,3434.036865234375
afterms-sample-a45fc522-row-32029,empirical_sbt_positive_control,220111,0.0005109988851472735,0,261,0.0005109989105710896,22,False,9.574258804321289,-2,72.70634460449219,9.057995796203613,3434.036865234375
afterms-sample-a45fc522-row-32029,empirical_sbt_positive_control,220111,0.0016869731480255723,0,262,0.002137746713986719,11,False,9.5691499710083,-2,72.80339050292969,9.09323787689209,3433.86669921875
afterms-sample-a45fc522-row-32029,empirical_sbt_positive_control,220111,5.093511745712931e-08,0,263,0.0010669516726733359,1000060120,False,10.328289031982422,-2,64.58169555664062,14.015900611877441,3455.798095703125
afterms-sample-a45fc522-row-32029,empirical_sbt_positive_control,220111,0.00015486861229874194,0,264,0.00042691882432126693,-11,False,10.328289031982422,-2,64.57272338867188,14.016188621520996,3455.806640625
afterms-sample-a45fc522-row-32029,empirical_sbt_positive_control,220111,0.0005109988851472735,0,265,0.0005109989199970694,22,False,10.394594192504883,-2,64.56375122070312,14.016475677490234,3455.815185546875
afterms-sample-a45fc522-row-32029,empirical_sbt_positive_control,220111,0.0005109988851472735,0,266,0.0005109989199970694,22,False,10.394594192504883,-2,64.56375122070312,14.016475677490234,3455.815185546875
afterms-sample-a45fc522-row-32029,empirical_sbt_positive_control,220111,0.0005347119877114892,0,267,0.0009123548430940496,11,False,10.328289031982422,-2,64.58169555664062,14.015900611877441,3455.798095703125
afterms-sample-a45fc522-row-32029,empirical_sbt_positive_control,220111,0.016014188528060913,0,268,0.016517285444843217,11,False,9.556114196777344,91,73.64995574951172,8.620379447937012,3438.889892578125
afterms-sample-a45fc522-row-32029,empirical_sbt_positive_control,220111,0.008927969262003899,0,269,0.01202553248834865,-11,False,9.62024211883545,-2,74.62849426269531,7.026863098144531,3439.616455078125
afterms-sample-a45fc522-row-32029,empirical_sbt_positive_control,220111,0.0003237346827518195,0,270,0.0017137611735035133,22,False,9.802021980285645,-2,70.1917724609375,6.7438507080078125,3449.464599609375
afterms-sample-a45fc522-row-32029,empirical_sbt_positive_control,220111,2.644599987888796e-07,0,271,1.644224743174174e-05,11,False,10.361967086791992,-2,65.6717758178711,6.70914363861084,3456.536865234375
afterms-sample-a45fc522-row-32029,empirical_sbt_positive_control,220111,0.0013897620374336839,0,272,0.0018307846740995678,11,False,10.361967086791992,-2,65.59700775146484,6.715628623962402,3456.642333984375
afterms-sample-a45fc522-row-32029,empirical_sbt_positive_control,220111,0.008480171672999859,0,273,0.008976638477785698,-11,False,9.829126358032227,-2,74.65093231201172,7.513065338134766,3445.72998046875
afterms-sample-a45fc522-row-32029,empirical_sbt_positive_control,220111,0.0005109988851472735,0,274,0.0005109989144060784,22,False,10.104366302490234,-2,74.5611801147461,7.458850383758545,3448.103515625
afterms-sample-a45fc522-row-32029,empirical_sbt_positive_control,220111,0.0005109988851472735,0,275,0.0005109989144060784,22,False,10.104366302490234,-2,74.5611801147461,7.458850383758545,3448.103515625
afterms-sample-a45fc522-row-32029,empirical_sbt_positive_control,220111,0.005979204550385475,0,276,0.008479780162976567,-11,False,9.919454574584961,-2,73.87265014648438,7.947024822235107,3447.63134765625
afterms-sample-a45fc522-row-32029,empirical_sbt_positive_control,220222,3.511999935312815e-08,0,277,0.002360116087716158,22,False,15.495887756347656,-2,-65.4648666381836,37.595680236816406,3549.510009765625
afterms-sample-a45fc522-row-32029,empirical_sbt_positive_control,220222,0.00025873229606077075,0,278,0.000575644224875481,11,False,15.910264015197754,-2,-67.57284545898438,39.013057708740234,3550.28076171875
afterms-sample-a45fc522-row-32029,empirical_sbt_positive_control,220222,5.803109161206521e-05,0,279,0.0002503502615612268,11,False,15.854531288146973,-2,-66.32658386230469,38.7833366394043,3549.19189453125
afterms-sample-a45fc522-row-32029,empirical_sbt_positive_control,220111,0.0006668410496786237,0,280,0.0006668410162938292,22,False,10.044709205627441,-2,72.92369079589844,7.972143173217773,3449.208740234375
afterms-sample-a45fc522-row-32029,empirical_sbt_positive_control,220211,0.0006450727232731879,0,281,0.0029825111085069736,22,False,10.93396282196045,-2,67.34842681884766,5.313878059387207,3476.6591796875
afterms-sample-a45fc522-row-32029,empirical_sbt_positive_control,220211,0.0023374385200440884,0,282,0.0028022268214650797,11,False,11.013843536376953,-2,67.09407806396484,5.233308792114258,3478.183837890625
afterms-sample-a45fc522-row-32029,empirical_sbt_positive_control,220111,0.0008827688870951533,0,283,0.0016693112039303727,22,False,9.923251152038574,-2,74.69242095947266,7.753718852996826,3447.128173828125
afterms-sample-a45fc522-row-32029,empirical_sbt_positive_control,220111,2.7305000571686833e-07,0,284,1.6707215494341492e-05,11,False,9.988531112670898,-2,74.55976867675781,7.612322807312012,3448.08740234375
afterms-sample-a45fc522-row-32029,empirical_sbt_positive_control,220111,0.0007862692000344396,0,285,0.0011923860957436415,11,False,9.988531112670898,-2,74.55976867675781,7.612322807312012,3448.08740234375
afterms-sample-a45fc522-row-32029,empirical_sbt_positive_control,220111,0.01959560252726078,0,286,0.020100107319534127,11,False,9.795621871948242,-2,72.98111724853516,7.6695475578308105,3447.21142578125
afterms-sample-a45fc522-row-32029,empirical_sbt_positive_control,220111,0.00038983856211416423,0,287,0.003136081502740804,22,False,9.798065185546875,-2,74.03507995605469,8.37679386138916,3451.510498046875
afterms-sample-a45fc522-row-32029,empirical_sbt_positive_control,220111,0.0027462427970021963,0,288,0.003216909209983615,11,False,10.406126022338867,-2,73.2820816040039,9.443540573120117,3461.0029296875
afterms-sample-a45fc522-row-32029,empirical_sbt_positive_control,220211,3.511999935312815e-08,0,289,0.005816987434057629,22,False,10.915295600891113,-2,73.12255096435547,6.765278339385986,3487.47802734375
afterms-sample-a45fc522-row-32029,empirical_sbt_positive_control,220211,2.558900007443299e-07,0,290,1.6173573962510816e-05,11,False,11.238391876220703,-2,68.4141845703125,10.92761516571045,3485.049072265625
afterms-sample-a45fc522-row-32029,empirical_sbt_positive_control,220211,0.004549122881144285,0,291,0.005034253738022196,11,False,11.238391876220703,-2,67.80939483642578,11.307177543640137,3485.67041015625
afterms-sample-a45fc522-row-32029,empirical_sbt_positive_control,220111,0.0005042336997576058,0,292,0.002471148759882086,22,False,9.476982116699219,-2,67.02494049072266,7.844856262207031,3445.06982421875
afterms-sample-a45fc522-row-32029,empirical_sbt_positive_control,220111,0.0019669148605316877,0,293,0.002424652069714883,11,False,10.432188987731934,-2,59.46098709106445,8.63489055633545,3457.614013671875
afterms-sample-a45fc522-row-32029,empirical_sbt_positive_control,220111,0.0012987422524020076,0,294,0.0017361000513182784,11,False,8.420974731445312,-2,73.43856811523438,7.124569416046143,3401.23974609375
afterms-sample-a45fc522-row-32029,empirical_sbt_positive_control,210111,0.003326235804706812,0,295,0.01715349051796373,11,False,8.039875030517578,-2,73.02792358398438,7.250505447387695,3390.900146484375
afterms-sample-a45fc522-row-32029,empirical_sbt_positive_control,210111,0.0016173161566257477,0,296,0.0020660602849581653,11,False,7.984274864196777,-2,72.87393188476562,7.149116516113281,3388.0703125
afterms-sample-a45fc522-row-32029,empirical_sbt_positive_control,210111,0.0011950224870815873,0,297,0.0016276943947371278,11,False,6.604734897613525,-2,71.77210235595703,6.987758159637451,3346.87158203125
afterms-sample-a45fc522-row-32029,empirical_sbt_positive_control,210111,0.0023001977242529392,0,298,0.0027643635778929164,11,False,6.4395623207092285,-2,71.49800109863281,6.937546730041504,3342.218994140625
afterms-sample-a45fc522-row-32029,empirical_sbt_positive_control,210111,0.00019962963415309787,0,299,0.0021829677659122135,11,False,6.120889186859131,-2,71.36714172363281,6.993300437927246,3332.380859375
