{
  "column_stats": {
    "id": {
      "max": 13.0,
      "mean": -0.03705,
      "min": -13.0,
      "quantiles": {
        "0.0": -13.0,
        "0.01": -13.0,
        "0.25": -13.0,
        "0.5": -13.0,
        "0.75": 13.0,
        "0.99": 13.0,
        "1.0": 13.0
      },
      "std": 12.99994720364279
    },
    "px": {
      "max": 5.740203857421875,
      "mean": -0.0014491024348424616,
      "min": -12.3098726272583,
      "quantiles": {
        "0.0": -12.3098726272583,
        "0.01": -0.9701592445373535,
        "0.25": -0.2228982411324978,
        "0.5": 0.0006512344698421657,
        "0.75": 0.22328025847673416,
        "0.99": 0.9431432408094423,
        "1.0": 5.740203857421875
      },
      "std": 0.3995666447109768
    },
    "py": {
      "max": 4.9085211753845215,
      "mean": -0.0015289500446221767,
      "min": -5.491170406341553,
      "quantiles": {
        "0.0": -5.491170406341553,
        "0.01": -0.9519883114099502,
        "0.25": -0.22146447747945786,
        "0.5": -0.0006084221822675318,
        "0.75": 0.21735929697752,
        "0.99": 0.9632338446378735,
        "1.0": 4.9085211753845215
      },
      "std": 0.39732122751755783
    },
    "pz": {
      "max": 373.9810791015625,
      "mean": 46.21816474273801,
      "min": 2.1193172931671143,
      "quantiles": {
        "0.0": 2.1193172931671143,
        "0.01": 19.982840270996093,
        "0.25": 26.03006076812744,
        "0.5": 34.51571846008301,
        "0.75": 52.54228401184082,
        "0.99": 186.8193577575684,
        "1.0": 373.9810791015625
      },
      "std": 34.933714541843734
    },
    "w": {
      "max": 768.75,
      "mean": 35.962490113212354,
      "min": -0.0,
      "quantiles": {
        "0.0": 0.0,
        "0.01": 7.6875,
        "0.25": 7.6875,
        "0.5": 7.6875,
        "0.75": 7.6875,
        "0.99": 768.75,
        "1.0": 768.75
      },
      "std": 133.1050049023636
    },
    "x": {
      "max": 19.268142700195312,
      "mean": -0.00012126821908086427,
      "min": -15.983152389526367,
      "quantiles": {
        "0.0": -15.983152389526367,
        "0.01": -0.2034424865245819,
        "0.25": 0.0,
        "0.5": 0.0,
        "0.75": 0.0,
        "0.99": 0.19578379169106502,
        "1.0": 19.268142700195312
      },
      "std": 0.2097717466258877
    },
    "y": {
      "max": 12.453383445739746,
      "mean": -0.0005960218146197403,
      "min": -7.874706268310547,
      "quantiles": {
        "0.0": -7.874706268310547,
        "0.01": -0.20121356278657912,
        "0.25": 0.0,
        "0.5": 0.0,
        "0.75": 0.0,
        "0.99": 0.19511546745896413,
        "1.0": 12.453383445739746
      },
      "std": 0.1288324041492827
    },
    "z": {
      "max": 3.888422851562494,
      "mean": -2.1151055449218763,
      "min": -2.545000000000003,
      "quantiles": {
        "0.0": -2.545000000000003,
        "0.01": -2.3438964843749956,
        "0.25": -2.2803564453125005,
        "0.5": -2.1812963867187505,
        "0.75": -2.013701171875,
        "0.99": -1.4861356933593726,
        "1.0": 3.888422851562494
      },
      "std": 0.2562154977696432
    }
  },
  "columns": [
    "px",
    "py",
    "pz",
    "x",
    "y",
    "z",
    "id",
    "w"
  ],
  "contract_version": "0",
  "dataset_hash": "10406036de86c1dc1d09eb8a069689712b029e07c7600a88e12b6b9451ad2f59",
  "git_commit": "2f5ddc545a6432aae4e535addb1e6c1acfe63750",
  "id_histogram": {
    "-13": 20057,
    "13": 19943
  },
  "n_columns": 8,
  "n_rows": 40000,
  "post_shield_muon_states": true,
  "schema_version": "0",
  "source_path": "muons_FullMC_sample.pkl.gz",
  "unexpected_ids": [],
  "units": {
    "id": "PDG code (int-valued)",
    "px": "GeV/c",
    "py": "GeV/c",
    "pz": "GeV/c",
    "w": "dimensionless",
    "x": "m",
    "y": "m",
    "z": "m"
  },
  "validation": [
    {
      "check": "shape",
      "detail": null,
      "passed": true
    },
    {
      "check": "finite",
      "detail": null,
      "passed": true
    },
    {
      "check": "weights_positive",
      "detail": null,
      "passed": true
    },
    {
      "check": "id_integer",
      "detail": null,
      "passed": true
    },
    {
      "check": "units_bounds",
      "detail": null,
      "passed": true
    }
  ]
}
