{
  "column_stats": {
    "id": {
      "max": 13.0,
      "mean": -0.06305,
      "min": -13.0,
      "quantiles": {
        "0.0": -13.0,
        "0.01": -13.0,
        "0.25": -13.0,
        "0.5": -13.0,
        "0.75": 13.0,
        "0.99": 13.0,
        "1.0": 13.0
      },
      "std": 12.999847102850863
    },
    "px": {
      "max": 12.536413454430955,
      "mean": -0.005850010789216242,
      "min": -12.447641730809092,
      "quantiles": {
        "0.0": -12.447641730809092,
        "0.01": -7.559477940447865,
        "0.25": -1.500012131408285,
        "0.5": -0.017163194228488728,
        "0.75": 1.494886945078549,
        "0.99": 7.679894045652429,
        "1.0": 12.536413454430955
      },
      "std": 2.6254443001182626
    },
    "py": {
      "max": 5.420345737858878,
      "mean": -0.0012854780003960563,
      "min": -5.4078783892403095,
      "quantiles": {
        "0.0": -5.4078783892403095,
        "0.01": -0.8148389474930274,
        "0.25": -0.1801464376832955,
        "0.5": -0.0005268097357099982,
        "0.75": 0.17782489728439552,
        "0.99": 0.8103811284239687,
        "1.0": 5.420345737858878
      },
      "std": 0.31811031483765
    },
    "pz": {
      "max": 300.5182534464586,
      "mean": 25.386232949073577,
      "min": 0.0,
      "quantiles": {
        "0.0": 0.0,
        "0.01": 0.3847130468741883,
        "0.25": 8.77219056980098,
        "0.5": 16.283786289522563,
        "0.75": 30.912656068197876,
        "0.99": 156.7686195137797,
        "1.0": 300.5182534464586
      },
      "std": 29.849008239055838
    },
    "w": {
      "max": 768.75,
      "mean": 34.6683033981204,
      "min": -0.0,
      "quantiles": {
        "0.0": 0.0,
        "0.01": 7.6875,
        "0.25": 7.6875,
        "0.5": 7.6875,
        "0.75": 7.6875,
        "0.99": 768.75,
        "1.0": 768.75
      },
      "std": 130.36403718481648
    },
    "x": {
      "max": 7.5,
      "mean": -0.012741982414516606,
      "min": -7.5,
      "quantiles": {
        "0.0": -7.5,
        "0.01": -4.033030046836257,
        "0.25": -2.2714664729370604,
        "0.5": -0.5346918392022872,
        "0.75": 2.258564611888457,
        "0.99": 4.052111939563149,
        "1.0": 7.5
      },
      "std": 2.429584299884056
    },
    "y": {
      "max": 7.5,
      "mean": -0.0012322821939985457,
      "min": -7.5,
      "quantiles": {
        "0.0": -7.5,
        "0.01": -1.7996930400951279,
        "0.25": -0.2696258750204068,
        "0.5": 0.0014603587060338457,
        "0.75": 0.26507759590466273,
        "0.99": 1.780727856686302,
        "1.0": 7.5
      },
      "std": 0.627838536356658
    },
    "z": {
      "max": 28.905,
      "mean": 28.90451995449175,
      "min": 28.895,
      "quantiles": {
        "0.0": 28.895,
        "0.01": 28.896005341859315,
        "0.25": 28.905,
        "0.5": 28.905,
        "0.75": 28.905,
        "0.99": 28.905,
        "1.0": 28.905
      },
      "std": 0.001741038276625078
    }
  },
  "columns": [
    "px",
    "py",
    "pz",
    "x",
    "y",
    "z",
    "id",
    "w"
  ],
  "contract_version": "0",
  "dataset_hash": "d07ddeab345f4fb5c267d6ea2638a0aecd63690e84f1576ed280fd4a57d19f07",
  "git_commit": "2f5ddc545a6432aae4e535addb1e6c1acfe63750",
  "id_histogram": {
    "-13": 20097,
    "13": 19903
  },
  "n_columns": 8,
  "n_rows": 40000,
  "post_shield_muon_states": true,
  "schema_version": "0",
  "source_path": "muonsFullMC_afterMS_sample.pkl.gz",
  "unexpected_ids": [],
  "units": {
    "id": "PDG code (int-valued)",
    "px": "GeV/c",
    "py": "GeV/c",
    "pz": "GeV/c",
    "w": "dimensionless",
    "x": "m",
    "y": "m",
    "z": "m"
  },
  "validation": [
    {
      "check": "shape",
      "detail": null,
      "passed": true
    },
    {
      "check": "finite",
      "detail": null,
      "passed": true
    },
    {
      "check": "weights_positive",
      "detail": null,
      "passed": true
    },
    {
      "check": "id_integer",
      "detail": null,
      "passed": true
    },
    {
      "check": "units_bounds",
      "detail": null,
      "passed": true
    }
  ]
}
