{
  "column_stats": {
    "id": {
      "max": 13.0,
      "mean": -0.06534209831135315,
      "min": -13.0,
      "quantiles": {
        "0.0": -13.0,
        "0.01": -13.0,
        "0.25": -13.0,
        "0.5": -13.0,
        "0.75": 13.0,
        "0.99": 13.0,
        "1.0": 13.0
      },
      "std": 12.99983578397005
    },
    "px": {
      "max": 12.536413454430955,
      "mean": -0.010389231314077459,
      "min": -12.447641730809092,
      "quantiles": {
        "0.0": -12.447641730809092,
        "0.01": -7.193576160528928,
        "0.25": -1.5005823092543942,
        "0.5": -0.06328570155226129,
        "0.75": 1.481769684927386,
        "0.99": 7.172226442628323,
        "1.0": 12.536413454430955
      },
      "std": 2.5252718969756893
    },
    "py": {
      "max": 5.420345737858878,
      "mean": 0.00012150459459222215,
      "min": -5.4078783892403095,
      "quantiles": {
        "0.0": -5.4078783892403095,
        "0.01": -0.8118358385961061,
        "0.25": -0.18028571417225914,
        "0.5": 0.00014835756068969964,
        "0.75": 0.18044666872249016,
        "0.99": 0.8133113588493736,
        "1.0": 5.420345737858878
      },
      "std": 0.31568868256504523
    },
    "pz": {
      "max": 300.5182534464586,
      "mean": 24.338027629596386,
      "min": 0.0,
      "quantiles": {
        "0.0": 0.0,
        "0.01": 0.5291524299584716,
        "0.25": 8.850828205557399,
        "0.5": 16.21819904848214,
        "0.75": 30.731191413260447,
        "0.99": 128.25305519699975,
        "1.0": 300.5182534464586
      },
      "std": 25.30296129731187
    },
    "w": {
      "max": 768.75,
      "mean": 34.397683538649666,
      "min": -0.0,
      "quantiles": {
        "0.0": 0.0,
        "0.01": 7.6875,
        "0.25": 7.6875,
        "0.5": 7.6875,
        "0.75": 7.6875,
        "0.99": 768.75,
        "1.0": 768.75
      },
      "std": 129.10516983170203
    },
    "x": {
      "max": 7.5,
      "mean": -0.010656428378764692,
      "min": -7.5,
      "quantiles": {
        "0.0": -7.5,
        "0.01": -3.95298412428437,
        "0.25": -2.26883057271362,
        "0.5": -0.6252312265863531,
        "0.75": 2.2622981019215267,
        "0.99": 3.948728271653447,
        "1.0": 7.5
      },
      "std": 2.4214017880659293
    },
    "y": {
      "max": 7.5,
      "mean": 0.00023617166404755699,
      "min": -7.5,
      "quantiles": {
        "0.0": -7.5,
        "0.01": -1.734131927624476,
        "0.25": -0.2700440508395141,
        "0.5": 0.00025393434371329934,
        "0.75": 0.2704639534423278,
        "0.99": 1.73874557751575,
        "1.0": 7.5
      },
      "std": 0.6212650969202056
    },
    "z": {
      "max": 28.905,
      "mean": 28.90453971811612,
      "min": 28.895,
      "quantiles": {
        "0.0": 28.895,
        "0.01": 28.896057962874018,
        "0.25": 28.905,
        "0.5": 28.905,
        "0.75": 28.905,
        "0.99": 28.905,
        "1.0": 28.905
      },
      "std": 0.0016970741066562169
    }
  },
  "columns": [
    "px",
    "py",
    "pz",
    "x",
    "y",
    "z",
    "id",
    "w"
  ],
  "contract_version": "0",
  "dataset_hash": "44336e8e3629149c813026cf21334c6fc2db75ae9ffa12e78ed2b064f3a54579",
  "git_commit": "2f5ddc545a6432aae4e535addb1e6c1acfe63750",
  "id_histogram": {
    "-13": 6924169,
    "13": 6854911
  },
  "n_columns": 8,
  "n_rows": 13779080,
  "post_shield_muon_states": true,
  "schema_version": "0",
  "source_path": "muonsFullMC_afterMS.pkl",
  "unexpected_ids": [],
  "units": {
    "id": "PDG code (int-valued)",
    "px": "GeV/c",
    "py": "GeV/c",
    "pz": "GeV/c",
    "w": "dimensionless",
    "x": "m",
    "y": "m",
    "z": "m"
  },
  "validation": [
    {
      "check": "shape",
      "detail": null,
      "passed": true
    },
    {
      "check": "finite",
      "detail": null,
      "passed": true
    },
    {
      "check": "weights_positive",
      "detail": null,
      "passed": true
    },
    {
      "check": "id_integer",
      "detail": null,
      "passed": true
    },
    {
      "check": "units_bounds",
      "detail": null,
      "passed": true
    }
  ]
}
