{
  "column_stats": {
    "id": {
      "max": 13.0,
      "mean": -0.091,
      "min": -13.0,
      "quantiles": {
        "0.0": -13.0,
        "0.01": -13.0,
        "0.25": -13.0,
        "0.5": -13.0,
        "0.75": 13.0,
        "0.99": 13.0,
        "1.0": 13.0
      },
      "std": 12.99968149609828
    },
    "px": {
      "max": 5.740203857421875,
      "mean": 0.0007725695391932049,
      "min": -12.3098726272583,
      "quantiles": {
        "0.0": -12.3098726272583,
        "0.01": -0.9048589485883712,
        "0.25": -0.21813663840293884,
        "0.5": 0.0014295785804279149,
        "0.75": 0.22121095284819603,
        "0.99": 0.9206018084287646,
        "1.0": 5.740203857421875
      },
      "std": 0.37286558938825565
    },
    "py": {
      "max": 4.9085211753845215,
      "mean": 0.0013160564998543464,
      "min": -5.491170406341553,
      "quantiles": {
        "0.0": -5.491170406341553,
        "0.01": -0.9321469938755035,
        "0.25": -0.2202235534787178,
        "0.5": -9.230007708538324e-05,
        "0.75": 0.2209533452987671,
        "0.99": 0.9612542581558239,
        "1.0": 4.9085211753845215
      },
      "std": 0.3712286195951775
    },
    "pz": {
      "max": 373.9810791015625,
      "mean": 45.39685752776265,
      "min": 2.1193172931671143,
      "quantiles": {
        "0.0": 2.1193172931671143,
        "0.01": 20.132740573883055,
        "0.25": 26.011066436767578,
        "0.5": 34.57915496826172,
        "0.75": 52.341301918029785,
        "0.99": 174.24337036132815,
        "1.0": 373.9810791015625
      },
      "std": 31.011123551613448
    },
    "w": {
      "max": 768.75,
      "mean": 35.65374117867947,
      "min": -0.0,
      "quantiles": {
        "0.0": 0.0,
        "0.01": 7.6875,
        "0.25": 7.6875,
        "0.5": 7.6875,
        "0.75": 7.6875,
        "0.99": 768.75,
        "1.0": 768.75
      },
      "std": 131.83694351692213
    },
    "x": {
      "max": 19.268142700195312,
      "mean": -0.00024719981934645616,
      "min": -15.983152389526367,
      "quantiles": {
        "0.0": -15.983152389526367,
        "0.01": -0.1900173681974411,
        "0.25": 0.0,
        "0.5": 0.0,
        "0.75": 0.0,
        "0.99": 0.18610851779580392,
        "1.0": 19.268142700195312
      },
      "std": 0.14790356528168758
    },
    "y": {
      "max": 12.453383445739746,
      "mean": -0.00011498048165431074,
      "min": -7.874706268310547,
      "quantiles": {
        "0.0": -7.874706268310547,
        "0.01": -0.19005766227841378,
        "0.25": 0.0,
        "0.5": 0.0,
        "0.75": 0.0,
        "0.99": 0.19517456263304175,
        "1.0": 12.453383445739746
      },
      "std": 0.10914951581761936
    },
    "z": {
      "max": 3.888422851562494,
      "mean": -2.1190119149169937,
      "min": -2.545000000000003,
      "quantiles": {
        "0.0": -2.545000000000003,
        "0.01": -2.3443213867187573,
        "0.25": -2.2801330566406235,
        "0.5": -2.1808569335937533,
        "0.75": -2.017561035156253,
        "0.99": -1.4873865722656323,
        "1.0": 3.888422851562494
      },
      "std": 0.2180639598505345
    }
  },
  "columns": [
    "px",
    "py",
    "pz",
    "x",
    "y",
    "z",
    "id",
    "w"
  ],
  "contract_version": "0",
  "dataset_hash": "236ed3df768370b14aaef7eaf4a6d94331a6d72a7d5c4cc2017e9502691732a2",
  "git_commit": "f18e98bda97203673a3e4fba9a2f07fe8dbabc67",
  "id_histogram": {
    "-13": 20140,
    "13": 19860
  },
  "n_columns": 8,
  "n_rows": 40000,
  "post_shield_muon_states": true,
  "schema_version": "0",
  "source_path": "muons_FullMC_sample.pkl.gz",
  "unexpected_ids": [],
  "units": {
    "id": "PDG code (int-valued)",
    "px": "GeV/c",
    "py": "GeV/c",
    "pz": "GeV/c",
    "w": "dimensionless",
    "x": "m",
    "y": "m",
    "z": "m"
  },
  "validation": [
    {
      "check": "shape",
      "detail": null,
      "passed": true
    },
    {
      "check": "finite",
      "detail": null,
      "passed": true
    },
    {
      "check": "weights_positive",
      "detail": null,
      "passed": true
    },
    {
      "check": "id_integer",
      "detail": null,
      "passed": true
    },
    {
      "check": "units_bounds",
      "detail": null,
      "passed": true
    }
  ]
}
