{
  "column_stats": {
    "id": {
      "max": 13.0,
      "mean": -0.1378,
      "min": -13.0,
      "quantiles": {
        "0.0": -13.0,
        "0.01": -13.0,
        "0.25": -13.0,
        "0.5": -13.0,
        "0.75": 13.0,
        "0.99": 13.0,
        "1.0": 13.0
      },
      "std": 12.999269639483597
    },
    "px": {
      "max": 12.536413454430955,
      "mean": -0.023618625947583058,
      "min": -12.447641730809092,
      "quantiles": {
        "0.0": -12.447641730809092,
        "0.01": -7.160316857717321,
        "0.25": -1.5103480694041909,
        "0.5": -0.13875997023994469,
        "0.75": 1.4519248878221345,
        "0.99": 7.099214361931929,
        "1.0": 12.536413454430955
      },
      "std": 2.510783460622552
    },
    "py": {
      "max": 5.420345737858878,
      "mean": 0.0016508294659830468,
      "min": -5.4078783892403095,
      "quantiles": {
        "0.0": -5.4078783892403095,
        "0.01": -0.808993951096112,
        "0.25": -0.17883989042948262,
        "0.5": 0.0016313825871706608,
        "0.75": 0.18241269252108722,
        "0.99": 0.8101494339753924,
        "1.0": 5.420345737858878
      },
      "std": 0.31777460507000366
    },
    "pz": {
      "max": 300.5182534464586,
      "mean": 24.161059610602074,
      "min": 0.0,
      "quantiles": {
        "0.0": 0.0,
        "0.01": 0.5208076768436976,
        "0.25": 8.853105476986844,
        "0.5": 16.077826988677174,
        "0.75": 30.38223793376339,
        "0.99": 125.1224586473107,
        "1.0": 300.5182534464586
      },
      "std": 25.100834071488443
    },
    "w": {
      "max": 768.75,
      "mean": 34.41668169900179,
      "min": -0.0,
      "quantiles": {
        "0.0": 0.0,
        "0.01": 7.6875,
        "0.25": 7.6875,
        "0.5": 7.6875,
        "0.75": 7.6875,
        "0.99": 768.75,
        "1.0": 768.75
      },
      "std": 128.80744812035962
    },
    "x": {
      "max": 7.5,
      "mean": -0.023323481807030762,
      "min": -7.5,
      "quantiles": {
        "0.0": -7.5,
        "0.01": -3.9853549475941894,
        "0.25": -2.2661179182761715,
        "0.5": -0.9141699475074688,
        "0.75": 2.2615435215107142,
        "0.99": 3.972185402486565,
        "1.0": 7.5
      },
      "std": 2.4223067245290997
    },
    "y": {
      "max": 7.5,
      "mean": 0.0026027907473259353,
      "min": -7.5,
      "quantiles": {
        "0.0": -7.5,
        "0.01": -1.7369827555058985,
        "0.25": -0.2689216754826771,
        "0.5": 0.002563601477198292,
        "0.75": 0.27596707912527346,
        "0.99": 1.8029695489080917,
        "1.0": 7.5
      },
      "std": 0.6273397308777271
    },
    "z": {
      "max": 28.905,
      "mean": 28.90454128292479,
      "min": 28.895,
      "quantiles": {
        "0.0": 28.895,
        "0.01": 28.896116391951054,
        "0.25": 28.905,
        "0.5": 28.905,
        "0.75": 28.905,
        "0.99": 28.905,
        "1.0": 28.905
      },
      "std": 0.001692244461371242
    }
  },
  "columns": [
    "px",
    "py",
    "pz",
    "x",
    "y",
    "z",
    "id",
    "w"
  ],
  "contract_version": "0",
  "dataset_hash": "718b9197a3965f6842574fec1f3f6b1bf4c16949ff8a1f27dca6232817c03c32",
  "git_commit": "f18e98bda97203673a3e4fba9a2f07fe8dbabc67",
  "id_histogram": {
    "-13": 20212,
    "13": 19788
  },
  "n_columns": 8,
  "n_rows": 40000,
  "post_shield_muon_states": true,
  "schema_version": "0",
  "source_path": "muonsFullMC_afterMS_sample.pkl.gz",
  "unexpected_ids": [],
  "units": {
    "id": "PDG code (int-valued)",
    "px": "GeV/c",
    "py": "GeV/c",
    "pz": "GeV/c",
    "w": "dimensionless",
    "x": "m",
    "y": "m",
    "z": "m"
  },
  "validation": [
    {
      "check": "shape",
      "detail": null,
      "passed": true
    },
    {
      "check": "finite",
      "detail": null,
      "passed": true
    },
    {
      "check": "weights_positive",
      "detail": null,
      "passed": true
    },
    {
      "check": "id_integer",
      "detail": null,
      "passed": true
    },
    {
      "check": "units_bounds",
      "detail": null,
      "passed": true
    }
  ]
}
