{
  "column_stats": {
    "id": {
      "max": 13.0,
      "mean": -0.06547917971465837,
      "min": -13.0,
      "quantiles": {
        "0.0": -13.0,
        "0.01": -13.0,
        "0.25": -13.0,
        "0.5": -13.0,
        "0.75": 13.0,
        "0.99": 13.0,
        "1.0": 13.0
      },
      "std": 12.99983509422423
    },
    "px": {
      "max": 5.740203857421875,
      "mean": -4.772223196153414e-05,
      "min": -12.3098726272583,
      "quantiles": {
        "0.0": -12.3098726272583,
        "0.01": -0.930047733783722,
        "0.25": -0.220351442694664,
        "0.5": -5.1318515033926815e-05,
        "0.75": 0.22032823413610458,
        "0.99": 0.9299905407428737,
        "1.0": 5.740203857421875
      },
      "std": 0.3681356751661975
    },
    "py": {
      "max": 4.9085211753845215,
      "mean": 4.316766775299762e-05,
      "min": -5.491170406341553,
      "quantiles": {
        "0.0": -5.491170406341553,
        "0.01": -0.9297925770282746,
        "0.25": -0.22032517194747925,
        "0.5": -9.733133083500434e-06,
        "0.75": 0.22048833966255188,
        "0.99": 0.9293002319335937,
        "1.0": 4.9085211753845215
      },
      "std": 0.3681277834433038
    },
    "pz": {
      "max": 373.9810791015625,
      "mean": 45.34994881528928,
      "min": 2.1193172931671143,
      "quantiles": {
        "0.0": 2.1193172931671143,
        "0.01": 20.161978034973146,
        "0.25": 26.0768985748291,
        "0.5": 34.5707893371582,
        "0.75": 52.19355583190918,
        "0.99": 172.97389953613265,
        "1.0": 373.9810791015625
      },
      "std": 31.020274937053365
    },
    "w": {
      "max": 768.75,
      "mean": 35.598155500806584,
      "min": -0.0,
      "quantiles": {
        "0.0": 0.0,
        "0.01": 7.6875,
        "0.25": 7.6875,
        "0.5": 7.6875,
        "0.75": 7.6875,
        "0.99": 768.75,
        "1.0": 768.75
      },
      "std": 131.83128404425682
    },
    "x": {
      "max": 19.268142700195312,
      "mean": -3.782152741045221e-05,
      "min": -15.983152389526367,
      "quantiles": {
        "0.0": -15.983152389526367,
        "0.01": -0.18993671089410782,
        "0.25": 0.0,
        "0.5": 0.0,
        "0.75": 0.0,
        "0.99": 0.18927410453557925,
        "1.0": 19.268142700195312
      },
      "std": 0.07350353229104846
    },
    "y": {
      "max": 12.453383445739746,
      "mean": 1.7283604814055636e-05,
      "min": -7.874706268310547,
      "quantiles": {
        "0.0": -7.874706268310547,
        "0.01": -0.18984904408454895,
        "0.25": 0.0,
        "0.5": 0.0,
        "0.75": 0.0,
        "0.99": 0.18965514481067647,
        "1.0": 12.453383445739746
      },
      "std": 0.07282049049943574
    },
    "z": {
      "max": 3.888422851562494,
      "mean": -2.11963050892857,
      "min": -2.545000000000003,
      "quantiles": {
        "0.0": -2.545000000000003,
        "0.01": -2.3443945312500047,
        "0.25": -2.2798388671874945,
        "0.5": -2.1812353515625076,
        "0.75": -2.0163085937499985,
        "0.99": -1.4929492187500002,
        "1.0": 3.888422851562494
      },
      "std": 0.20794092813043435
    }
  },
  "columns": [
    "px",
    "py",
    "pz",
    "x",
    "y",
    "z",
    "id",
    "w"
  ],
  "contract_version": "0",
  "dataset_hash": "9950ed9cda19d5ab39c67e40a0e6511924bc1fd9f3b99869c5b649df15c27851",
  "git_commit": "747c464b103358232b7d1179ebbd3d9cffc65fb9",
  "id_histogram": {
    "-13": 8308396,
    "13": 8225119
  },
  "n_columns": 8,
  "n_rows": 16533515,
  "post_shield_muon_states": true,
  "schema_version": "0",
  "source_path": "muons_FullMC.pkl",
  "unexpected_ids": [],
  "units": {
    "id": "PDG code (int-valued)",
    "px": "GeV/c",
    "py": "GeV/c",
    "pz": "GeV/c",
    "w": "dimensionless",
    "x": "m",
    "y": "m",
    "z": "m"
  },
  "validation": [
    {
      "check": "shape",
      "detail": null,
      "passed": true
    },
    {
      "check": "finite",
      "detail": null,
      "passed": true
    },
    {
      "check": "weights_positive",
      "detail": null,
      "passed": true
    },
    {
      "check": "id_integer",
      "detail": null,
      "passed": true
    },
    {
      "check": "units_bounds",
      "detail": null,
      "passed": true
    }
  ]
}
